sample_id,pLDDT,pTM,pdb_path,json_path
2bfa7c79bc,95.1,0.937,pdb/2bfa7c79bc.pdb,json/2bfa7c79bc.json
a7815b64b8,95.4,0.929,pdb/a7815b64b8.pdb,json/a7815b64b8.json
3153c53881,93.4,0.913,pdb/3153c53881.pdb,json/3153c53881.json
ec185b1375,93.8,0.921,pdb/ec185b1375.pdb,json/ec185b1375.json
742c67e334,95.2,0.927,pdb/742c67e334.pdb,json/742c67e334.json
370d76c3ac,93.6,0.919,pdb/370d76c3ac.pdb,json/370d76c3ac.json
f82de42667,96.0,0.935,pdb/f82de42667.pdb,json/f82de42667.json
bc493c8e8c,94.9,0.925,pdb/bc493c8e8c.pdb,json/bc493c8e8c.json
79dfb29ac4,97.4,0.946,pdb/79dfb29ac4.pdb,json/79dfb29ac4.json
ceea0da046,95.8,0.931,pdb/ceea0da046.pdb,json/ceea0da046.json
6e7f13c84a,87.6,0.841,pdb/6e7f13c84a.pdb,json/6e7f13c84a.json
2f063460dd,89.7,0.829,pdb/2f063460dd.pdb,json/2f063460dd.json
4f7248ce37,86.4,0.648,pdb/4f7248ce37.pdb,json/4f7248ce37.json
6bc004d39f,95.9,0.934,pdb/6bc004d39f.pdb,json/6bc004d39f.json
02c51ee7a6,93.8,0.894,pdb/02c51ee7a6.pdb,json/02c51ee7a6.json
7e6abeb981,94.7,0.927,pdb/7e6abeb981.pdb,json/7e6abeb981.json
0fd5249f70,94.3,0.925,pdb/0fd5249f70.pdb,json/0fd5249f70.json
82df2826e8,88.4,0.861,pdb/82df2826e8.pdb,json/82df2826e8.json
debb3f3b19,95.8,0.932,pdb/debb3f3b19.pdb,json/debb3f3b19.json
7d95f6a24a,91.4,0.89,pdb/7d95f6a24a.pdb,json/7d95f6a24a.json
f8b44d44a0,91.8,0.858,pdb/f8b44d44a0.pdb,json/f8b44d44a0.json
8fd8c71895,97.8,0.947,pdb/8fd8c71895.pdb,json/8fd8c71895.json
dd06f14b2b,92.0,0.859,pdb/dd06f14b2b.pdb,json/dd06f14b2b.json
7889ca2aa0,95.8,0.929,pdb/7889ca2aa0.pdb,json/7889ca2aa0.json
0c21c998ea,91.4,0.857,pdb/0c21c998ea.pdb,json/0c21c998ea.json
1252430438,93.8,0.921,pdb/1252430438.pdb,json/1252430438.json
811c1fe1c7,97.5,0.946,pdb/811c1fe1c7.pdb,json/811c1fe1c7.json
cd48e0f847,95.2,0.924,pdb/cd48e0f847.pdb,json/cd48e0f847.json
f357cec87f,95.3,0.926,pdb/f357cec87f.pdb,json/f357cec87f.json
cafcfe03da,90.4,0.839,pdb/cafcfe03da.pdb,json/cafcfe03da.json
cdd1b55a29,92.1,0.886,pdb/cdd1b55a29.pdb,json/cdd1b55a29.json
c06a44d002,94.8,0.931,pdb/c06a44d002.pdb,json/c06a44d002.json
84feca3a14,97.7,0.95,pdb/84feca3a14.pdb,json/84feca3a14.json
1d4897dbbb,91.6,0.857,pdb/1d4897dbbb.pdb,json/1d4897dbbb.json
95e1ce1a66,97.0,0.936,pdb/95e1ce1a66.pdb,json/95e1ce1a66.json
cffe604915,90.5,0.875,pdb/cffe604915.pdb,json/cffe604915.json
245d273c1d,96.2,0.93,pdb/245d273c1d.pdb,json/245d273c1d.json
da35cff59c,94.9,0.924,pdb/da35cff59c.pdb,json/da35cff59c.json
dedade93ea,94.3,0.921,pdb/dedade93ea.pdb,json/dedade93ea.json
e560d46d60,91.4,0.888,pdb/e560d46d60.pdb,json/e560d46d60.json
e4bb68ce52,90.3,0.901,pdb/e4bb68ce52.pdb,json/e4bb68ce52.json
4fd017d794,95.1,0.927,pdb/4fd017d794.pdb,json/4fd017d794.json
7b35d59512,94.6,0.925,pdb/7b35d59512.pdb,json/7b35d59512.json
d50823b6e9,91.8,0.858,pdb/d50823b6e9.pdb,json/d50823b6e9.json
d3069ec361,97.1,0.945,pdb/d3069ec361.pdb,json/d3069ec361.json
412ca20221,83.1,0.583,pdb/412ca20221.pdb,json/412ca20221.json
4e85264cb2,91.8,0.829,pdb/4e85264cb2.pdb,json/4e85264cb2.json
e45a8bc01c,97.1,0.947,pdb/e45a8bc01c.pdb,json/e45a8bc01c.json
9503cc814c,95.8,0.934,pdb/9503cc814c.pdb,json/9503cc814c.json
750cb89ae6,95.1,0.93,pdb/750cb89ae6.pdb,json/750cb89ae6.json
554efb45e8,94.0,0.939,pdb/554efb45e8.pdb,json/554efb45e8.json
0c1b4dd3c4,95.4,0.94,pdb/0c1b4dd3c4.pdb,json/0c1b4dd3c4.json
cba70643b3,92.3,0.898,pdb/cba70643b3.pdb,json/cba70643b3.json
b0375b48ae,96.9,0.949,pdb/b0375b48ae.pdb,json/b0375b48ae.json
fdd550f335,95.9,0.935,pdb/fdd550f335.pdb,json/fdd550f335.json
64eb7a2b19,90.1,0.878,pdb/64eb7a2b19.pdb,json/64eb7a2b19.json
16a5214e78,91.2,0.892,pdb/16a5214e78.pdb,json/16a5214e78.json
34148ffb89,93.6,0.924,pdb/34148ffb89.pdb,json/34148ffb89.json
6bf36bddb5,85.9,0.75,pdb/6bf36bddb5.pdb,json/6bf36bddb5.json
37b4121383,93.6,0.904,pdb/37b4121383.pdb,json/37b4121383.json
4c0dc053e3,89.2,0.847,pdb/4c0dc053e3.pdb,json/4c0dc053e3.json
7f53644783,95.6,0.932,pdb/7f53644783.pdb,json/7f53644783.json
21dc41c66d,90.0,0.655,pdb/21dc41c66d.pdb,json/21dc41c66d.json
dc6451f1c5,94.9,0.929,pdb/dc6451f1c5.pdb,json/dc6451f1c5.json
28199f68fa,89.7,0.678,pdb/28199f68fa.pdb,json/28199f68fa.json
0453b96473,90.0,0.82,pdb/0453b96473.pdb,json/0453b96473.json
8661331fe1,95.8,0.945,pdb/8661331fe1.pdb,json/8661331fe1.json
af137402ef,74.1,0.782,pdb/af137402ef.pdb,json/af137402ef.json
4993d6ed2e,95.3,0.942,pdb/4993d6ed2e.pdb,json/4993d6ed2e.json
17ee48919c,97.2,0.954,pdb/17ee48919c.pdb,json/17ee48919c.json
65f6b269ed,64.8,0.625,pdb/65f6b269ed.pdb,json/65f6b269ed.json
bce4c2fd1b,95.5,0.931,pdb/bce4c2fd1b.pdb,json/bce4c2fd1b.json
47b32d617e,95.1,0.928,pdb/47b32d617e.pdb,json/47b32d617e.json
385f93ecf4,94.1,0.913,pdb/385f93ecf4.pdb,json/385f93ecf4.json
3cf9fd8a8d,94.9,0.928,pdb/3cf9fd8a8d.pdb,json/3cf9fd8a8d.json
4aaf55ca59,93.1,0.928,pdb/4aaf55ca59.pdb,json/4aaf55ca59.json
10d387a557,91.6,0.857,pdb/10d387a557.pdb,json/10d387a557.json
8bc97bfa2e,95.4,0.932,pdb/8bc97bfa2e.pdb,json/8bc97bfa2e.json
bc45236008,93.5,0.93,pdb/bc45236008.pdb,json/bc45236008.json
a280d4719a,92.8,0.908,pdb/a280d4719a.pdb,json/a280d4719a.json
58a913bfc4,94.2,0.917,pdb/58a913bfc4.pdb,json/58a913bfc4.json
f335cf26ed,61.7,0.594,pdb/f335cf26ed.pdb,json/f335cf26ed.json
456bdb5038,91.7,0.901,pdb/456bdb5038.pdb,json/456bdb5038.json
7901f703e1,96.2,0.934,pdb/7901f703e1.pdb,json/7901f703e1.json
211407efe7,90.2,0.679,pdb/211407efe7.pdb,json/211407efe7.json
31cfe3d263,90.3,0.874,pdb/31cfe3d263.pdb,json/31cfe3d263.json
b8c641df52,96.1,0.935,pdb/b8c641df52.pdb,json/b8c641df52.json
2100ce8ee6,90.8,0.851,pdb/2100ce8ee6.pdb,json/2100ce8ee6.json
86289fa2b6,94.6,0.911,pdb/86289fa2b6.pdb,json/86289fa2b6.json
768dafba02,95.2,0.942,pdb/768dafba02.pdb,json/768dafba02.json
8c8f8ba791,90.0,0.82,pdb/8c8f8ba791.pdb,json/8c8f8ba791.json
d62a6c4d31,90.3,0.897,pdb/d62a6c4d31.pdb,json/d62a6c4d31.json
9f7a29bf6f,92.6,0.907,pdb/9f7a29bf6f.pdb,json/9f7a29bf6f.json
0990ac8d07,91.3,0.856,pdb/0990ac8d07.pdb,json/0990ac8d07.json
436aa7888c,92.1,0.9,pdb/436aa7888c.pdb,json/436aa7888c.json
fea5f92c2f,90.4,0.839,pdb/fea5f92c2f.pdb,json/fea5f92c2f.json
0587836e7f,97.7,0.95,pdb/0587836e7f.pdb,json/0587836e7f.json
b757398e37,97.1,0.952,pdb/b757398e37.pdb,json/b757398e37.json
bebe7ca7b4,92.1,0.859,pdb/bebe7ca7b4.pdb,json/bebe7ca7b4.json
00d4a4bfbe,92.4,0.903,pdb/00d4a4bfbe.pdb,json/00d4a4bfbe.json
2e88e882eb,95.0,0.921,pdb/2e88e882eb.pdb,json/2e88e882eb.json
3b0207ec4f,89.1,0.849,pdb/3b0207ec4f.pdb,json/3b0207ec4f.json
433d9f4983,90.2,0.699,pdb/433d9f4983.pdb,json/433d9f4983.json
9dc874efb6,95.0,0.928,pdb/9dc874efb6.pdb,json/9dc874efb6.json
142be13b2f,85.8,0.749,pdb/142be13b2f.pdb,json/142be13b2f.json
a8e3d4fae7,95.2,0.93,pdb/a8e3d4fae7.pdb,json/a8e3d4fae7.json
2e2ecc1408,97.4,0.946,pdb/2e2ecc1408.pdb,json/2e2ecc1408.json
1e607f3850,91.4,0.834,pdb/1e607f3850.pdb,json/1e607f3850.json
f0f395b06e,95.6,0.936,pdb/f0f395b06e.pdb,json/f0f395b06e.json
7f15e8023e,96.3,0.93,pdb/7f15e8023e.pdb,json/7f15e8023e.json
e985f8deed,94.9,0.938,pdb/e985f8deed.pdb,json/e985f8deed.json
5cf602d803,95.2,0.926,pdb/5cf602d803.pdb,json/5cf602d803.json
1aa5e8a5eb,95.6,0.931,pdb/1aa5e8a5eb.pdb,json/1aa5e8a5eb.json
8ac70de00c,96.1,0.94,pdb/8ac70de00c.pdb,json/8ac70de00c.json
59f1116f87,93.6,0.909,pdb/59f1116f87.pdb,json/59f1116f87.json
42624d0f9b,85.9,0.636,pdb/42624d0f9b.pdb,json/42624d0f9b.json
a6430f171e,92.8,0.903,pdb/a6430f171e.pdb,json/a6430f171e.json
20aad38b2c,90.7,0.841,pdb/20aad38b2c.pdb,json/20aad38b2c.json
623def0d9b,86.2,0.853,pdb/623def0d9b.pdb,json/623def0d9b.json
3451227ee6,95.9,0.934,pdb/3451227ee6.pdb,json/3451227ee6.json
8005c8a008,93.2,0.922,pdb/8005c8a008.pdb,json/8005c8a008.json
4a33bf07ab,95.4,0.935,pdb/4a33bf07ab.pdb,json/4a33bf07ab.json
1ee12b0edb,94.9,0.926,pdb/1ee12b0edb.pdb,json/1ee12b0edb.json
ba69c7f4e6,94.6,0.943,pdb/ba69c7f4e6.pdb,json/ba69c7f4e6.json
9eb906a621,97.3,0.953,pdb/9eb906a621.pdb,json/9eb906a621.json
f1a115c91e,95.5,0.931,pdb/f1a115c91e.pdb,json/f1a115c91e.json
20ad82be0c,94.6,0.925,pdb/20ad82be0c.pdb,json/20ad82be0c.json
e311a2ed84,91.4,0.857,pdb/e311a2ed84.pdb,json/e311a2ed84.json
b976d89166,83.1,0.786,pdb/b976d89166.pdb,json/b976d89166.json
202d1bdd67,90.2,0.626,pdb/202d1bdd67.pdb,json/202d1bdd67.json
2a28340a99,95.6,0.932,pdb/2a28340a99.pdb,json/2a28340a99.json
51c552720e,90.8,0.865,pdb/51c552720e.pdb,json/51c552720e.json
efc0e2d35e,87.6,0.602,pdb/efc0e2d35e.pdb,json/efc0e2d35e.json
f20777fba8,88.2,0.867,pdb/f20777fba8.pdb,json/f20777fba8.json
ca458ed41e,93.8,0.914,pdb/ca458ed41e.pdb,json/ca458ed41e.json
d85320d410,89.6,0.829,pdb/d85320d410.pdb,json/d85320d410.json
d154234a33,94.4,0.924,pdb/d154234a33.pdb,json/d154234a33.json
e63f93b39a,95.0,0.923,pdb/e63f93b39a.pdb,json/e63f93b39a.json
84c9cf6dcc,95.0,0.929,pdb/84c9cf6dcc.pdb,json/84c9cf6dcc.json
ad56293e9d,97.9,0.951,pdb/ad56293e9d.pdb,json/ad56293e9d.json
362a90f66a,94.1,0.93,pdb/362a90f66a.pdb,json/362a90f66a.json
5f641db398,86.7,0.637,pdb/5f641db398.pdb,json/5f641db398.json
0b77fb0093,94.6,0.925,pdb/0b77fb0093.pdb,json/0b77fb0093.json
5a84760786,92.2,0.908,pdb/5a84760786.pdb,json/5a84760786.json
23866b7bed,93.4,0.917,pdb/23866b7bed.pdb,json/23866b7bed.json
e4b7278a25,97.8,0.95,pdb/e4b7278a25.pdb,json/e4b7278a25.json
ef48c45596,95.6,0.932,pdb/ef48c45596.pdb,json/ef48c45596.json
be82051ac2,88.9,0.821,pdb/be82051ac2.pdb,json/be82051ac2.json
9ec43d6bd2,95.2,0.938,pdb/9ec43d6bd2.pdb,json/9ec43d6bd2.json
13df4a22b6,95.5,0.932,pdb/13df4a22b6.pdb,json/13df4a22b6.json
ebf1824608,92.6,0.903,pdb/ebf1824608.pdb,json/ebf1824608.json
22f7e468b0,96.2,0.939,pdb/22f7e468b0.pdb,json/22f7e468b0.json
2aca31efba,95.6,0.926,pdb/2aca31efba.pdb,json/2aca31efba.json
53e54e4625,87.8,0.863,pdb/53e54e4625.pdb,json/53e54e4625.json
da71e6ad8a,87.6,0.841,pdb/da71e6ad8a.pdb,json/da71e6ad8a.json
a4a0f6aee5,90.4,0.858,pdb/a4a0f6aee5.pdb,json/a4a0f6aee5.json
c434e55577,95.6,0.93,pdb/c434e55577.pdb,json/c434e55577.json
19792f36ab,94.8,0.926,pdb/19792f36ab.pdb,json/19792f36ab.json
31365f5cd8,90.6,0.836,pdb/31365f5cd8.pdb,json/31365f5cd8.json
6ff94a8eb2,94.3,0.92,pdb/6ff94a8eb2.pdb,json/6ff94a8eb2.json
c3566b338d,87.6,0.734,pdb/c3566b338d.pdb,json/c3566b338d.json
b0756a07ad,93.9,0.932,pdb/b0756a07ad.pdb,json/b0756a07ad.json
b14e3b6d50,96.3,0.939,pdb/b14e3b6d50.pdb,json/b14e3b6d50.json
c4595ca0c8,91.9,0.886,pdb/c4595ca0c8.pdb,json/c4595ca0c8.json
a8d99410e3,92.6,0.89,pdb/a8d99410e3.pdb,json/a8d99410e3.json
5fe6b19101,96.5,0.937,pdb/5fe6b19101.pdb,json/5fe6b19101.json
ed2bc1517a,87.6,0.734,pdb/ed2bc1517a.pdb,json/ed2bc1517a.json
35a787a920,90.2,0.707,pdb/35a787a920.pdb,json/35a787a920.json
7fa10495b8,96.3,0.935,pdb/7fa10495b8.pdb,json/7fa10495b8.json
6e3fb3f27e,96.0,0.936,pdb/6e3fb3f27e.pdb,json/6e3fb3f27e.json
a49f5a7391,93.6,0.905,pdb/a49f5a7391.pdb,json/a49f5a7391.json
deede9064a,95.4,0.932,pdb/deede9064a.pdb,json/deede9064a.json
996508e56e,94.8,0.917,pdb/996508e56e.pdb,json/996508e56e.json
684f7fab7d,94.4,0.863,pdb/684f7fab7d.pdb,json/684f7fab7d.json
05f3ecb569,93.0,0.92,pdb/05f3ecb569.pdb,json/05f3ecb569.json
2992a50be5,95.9,0.933,pdb/2992a50be5.pdb,json/2992a50be5.json
fac246d09f,95.7,0.94,pdb/fac246d09f.pdb,json/fac246d09f.json
a00bd31f8c,90.4,0.842,pdb/a00bd31f8c.pdb,json/a00bd31f8c.json
93851332f3,61.0,0.577,pdb/93851332f3.pdb,json/93851332f3.json
ba11c48f84,94.8,0.927,pdb/ba11c48f84.pdb,json/ba11c48f84.json
c717a2c510,94.2,0.938,pdb/c717a2c510.pdb,json/c717a2c510.json
352c36b9ea,95.9,0.933,pdb/352c36b9ea.pdb,json/352c36b9ea.json
b906421c42,94.4,0.921,pdb/b906421c42.pdb,json/b906421c42.json
228f428f29,96.2,0.943,pdb/228f428f29.pdb,json/228f428f29.json
fcf9c46832,96.2,0.936,pdb/fcf9c46832.pdb,json/fcf9c46832.json
1aa78e89fd,97.9,0.952,pdb/1aa78e89fd.pdb,json/1aa78e89fd.json
fc882a67cd,97.0,0.947,pdb/fc882a67cd.pdb,json/fc882a67cd.json
f77f77269a,95.6,0.928,pdb/f77f77269a.pdb,json/f77f77269a.json
3bababdd09,98.5,0.956,pdb/3bababdd09.pdb,json/3bababdd09.json
1752e44a54,95.5,0.933,pdb/1752e44a54.pdb,json/1752e44a54.json
2498458e18,92.4,0.9,pdb/2498458e18.pdb,json/2498458e18.json
4d04112919,93.6,0.92,pdb/4d04112919.pdb,json/4d04112919.json
7117b90f6c,95.8,0.943,pdb/7117b90f6c.pdb,json/7117b90f6c.json
94c4f4c6de,95.2,0.93,pdb/94c4f4c6de.pdb,json/94c4f4c6de.json
79fef377d2,89.8,0.683,pdb/79fef377d2.pdb,json/79fef377d2.json
ac6ac26c24,91.6,0.857,pdb/ac6ac26c24.pdb,json/ac6ac26c24.json
5627f6c8f5,94.2,0.924,pdb/5627f6c8f5.pdb,json/5627f6c8f5.json
d0e53e624f,95.4,0.929,pdb/d0e53e624f.pdb,json/d0e53e624f.json
ec0c9a34b4,94.6,0.933,pdb/ec0c9a34b4.pdb,json/ec0c9a34b4.json
a911419f7d,92.6,0.9,pdb/a911419f7d.pdb,json/a911419f7d.json
b24c39fc34,95.8,0.943,pdb/b24c39fc34.pdb,json/b24c39fc34.json
2143cfec2a,91.9,0.856,pdb/2143cfec2a.pdb,json/2143cfec2a.json
ad969a4f69,96.4,0.936,pdb/ad969a4f69.pdb,json/ad969a4f69.json
740473da68,87.2,0.638,pdb/740473da68.pdb,json/740473da68.json
e479397f68,93.6,0.922,pdb/e479397f68.pdb,json/e479397f68.json
7a5cab44c4,92.9,0.908,pdb/7a5cab44c4.pdb,json/7a5cab44c4.json
c6512ef5a8,79.1,0.791,pdb/c6512ef5a8.pdb,json/c6512ef5a8.json
393e875f9c,91.1,0.888,pdb/393e875f9c.pdb,json/393e875f9c.json
cddb40d13d,95.7,0.946,pdb/cddb40d13d.pdb,json/cddb40d13d.json
d7ef5e0ddd,95.2,0.927,pdb/d7ef5e0ddd.pdb,json/d7ef5e0ddd.json
d05da4672f,95.1,0.926,pdb/d05da4672f.pdb,json/d05da4672f.json
2cbb6fa0a4,90.6,0.835,pdb/2cbb6fa0a4.pdb,json/2cbb6fa0a4.json
b7d2efad44,92.2,0.86,pdb/b7d2efad44.pdb,json/b7d2efad44.json
81da6dd028,97.4,0.953,pdb/81da6dd028.pdb,json/81da6dd028.json
38df35516e,94.6,0.923,pdb/38df35516e.pdb,json/38df35516e.json
0780f79746,95.6,0.934,pdb/0780f79746.pdb,json/0780f79746.json
5f43ec9013,95.5,0.933,pdb/5f43ec9013.pdb,json/5f43ec9013.json
a075d33c76,85.4,0.711,pdb/a075d33c76.pdb,json/a075d33c76.json
64b5a2f509,90.6,0.843,pdb/64b5a2f509.pdb,json/64b5a2f509.json
883968a5f1,93.1,0.92,pdb/883968a5f1.pdb,json/883968a5f1.json
0b43a23c42,83.2,0.579,pdb/0b43a23c42.pdb,json/0b43a23c42.json
a9b12d4f0d,95.3,0.931,pdb/a9b12d4f0d.pdb,json/a9b12d4f0d.json
ac3a0bf2b8,83.7,0.734,pdb/ac3a0bf2b8.pdb,json/ac3a0bf2b8.json
af00216e10,93.6,0.905,pdb/af00216e10.pdb,json/af00216e10.json
9c93ce4ace,89.9,0.715,pdb/9c93ce4ace.pdb,json/9c93ce4ace.json
f36e94e4cd,97.5,0.947,pdb/f36e94e4cd.pdb,json/f36e94e4cd.json
710fb986ed,95.1,0.929,pdb/710fb986ed.pdb,json/710fb986ed.json
4afd1b487c,96.0,0.94,pdb/4afd1b487c.pdb,json/4afd1b487c.json
d6d1168f2f,92.0,0.859,pdb/d6d1168f2f.pdb,json/d6d1168f2f.json
208d6ef2c0,97.5,0.95,pdb/208d6ef2c0.pdb,json/208d6ef2c0.json
45560c74f9,96.0,0.932,pdb/45560c74f9.pdb,json/45560c74f9.json
8a5a9cf0f8,96.7,0.945,pdb/8a5a9cf0f8.pdb,json/8a5a9cf0f8.json
f3eeb93496,93.8,0.921,pdb/f3eeb93496.pdb,json/f3eeb93496.json
29664bb6fa,95.8,0.936,pdb/29664bb6fa.pdb,json/29664bb6fa.json
ab8577ca95,96.1,0.932,pdb/ab8577ca95.pdb,json/ab8577ca95.json
3812f56cdc,94.8,0.927,pdb/3812f56cdc.pdb,json/3812f56cdc.json
3ad39da7bf,93.2,0.922,pdb/3ad39da7bf.pdb,json/3ad39da7bf.json
fcfb4dbdd3,92.9,0.88,pdb/fcfb4dbdd3.pdb,json/fcfb4dbdd3.json
b63154ac9e,94.1,0.891,pdb/b63154ac9e.pdb,json/b63154ac9e.json
b9fb6f33fd,95.9,0.933,pdb/b9fb6f33fd.pdb,json/b9fb6f33fd.json
0ea7e098ff,91.9,0.854,pdb/0ea7e098ff.pdb,json/0ea7e098ff.json
8590497fdb,93.3,0.932,pdb/8590497fdb.pdb,json/8590497fdb.json
450efe225c,93.4,0.921,pdb/450efe225c.pdb,json/450efe225c.json
fb4f510a80,90.5,0.875,pdb/fb4f510a80.pdb,json/fb4f510a80.json
49784b33cb,93.2,0.911,pdb/49784b33cb.pdb,json/49784b33cb.json
fc08ba909b,94.9,0.943,pdb/fc08ba909b.pdb,json/fc08ba909b.json
1e43f68f2e,90.6,0.876,pdb/1e43f68f2e.pdb,json/1e43f68f2e.json
4990477ff9,89.8,0.889,pdb/4990477ff9.pdb,json/4990477ff9.json
8ba629e3c5,95.2,0.929,pdb/8ba629e3c5.pdb,json/8ba629e3c5.json
37796c670f,94.7,0.906,pdb/37796c670f.pdb,json/37796c670f.json
6e70cbf6fe,88.5,0.833,pdb/6e70cbf6fe.pdb,json/6e70cbf6fe.json
60304996a6,90.8,0.908,pdb/60304996a6.pdb,json/60304996a6.json
7165b2c2f3,92.4,0.878,pdb/7165b2c2f3.pdb,json/7165b2c2f3.json
227b9de79f,94.8,0.943,pdb/227b9de79f.pdb,json/227b9de79f.json
0a0da03236,89.2,0.857,pdb/0a0da03236.pdb,json/0a0da03236.json
5ffff98629,93.1,0.913,pdb/5ffff98629.pdb,json/5ffff98629.json
ae41afcb1b,95.9,0.954,pdb/ae41afcb1b.pdb,json/ae41afcb1b.json
04e3bdd092,92.2,0.882,pdb/04e3bdd092.pdb,json/04e3bdd092.json
0e2021517a,97.9,0.95,pdb/0e2021517a.pdb,json/0e2021517a.json
bacbd23fff,97.9,0.95,pdb/bacbd23fff.pdb,json/bacbd23fff.json
8b475ec429,95.8,0.931,pdb/8b475ec429.pdb,json/8b475ec429.json
c3284e015c,93.1,0.921,pdb/c3284e015c.pdb,json/c3284e015c.json
205a716db5,95.5,0.933,pdb/205a716db5.pdb,json/205a716db5.json
57a9cf2b6e,93.3,0.885,pdb/57a9cf2b6e.pdb,json/57a9cf2b6e.json
73f97ec8ae,96.1,0.94,pdb/73f97ec8ae.pdb,json/73f97ec8ae.json
a428d149f2,95.1,0.929,pdb/a428d149f2.pdb,json/a428d149f2.json
e932213266,95.5,0.934,pdb/e932213266.pdb,json/e932213266.json
8471888775,89.4,0.659,pdb/8471888775.pdb,json/8471888775.json
a3b7dad362,94.9,0.929,pdb/a3b7dad362.pdb,json/a3b7dad362.json
a2b382f794,93.8,0.923,pdb/a2b382f794.pdb,json/a2b382f794.json
0450b76c0e,91.6,0.859,pdb/0450b76c0e.pdb,json/0450b76c0e.json
0b4ebae294,94.7,0.938,pdb/0b4ebae294.pdb,json/0b4ebae294.json
f82dafef67,93.4,0.921,pdb/f82dafef67.pdb,json/f82dafef67.json
f3d4ac4243,88.1,0.882,pdb/f3d4ac4243.pdb,json/f3d4ac4243.json
b373ab76a9,94.9,0.923,pdb/b373ab76a9.pdb,json/b373ab76a9.json
1ff31b8c44,90.2,0.731,pdb/1ff31b8c44.pdb,json/1ff31b8c44.json
7e6b1213b4,96.1,0.933,pdb/7e6b1213b4.pdb,json/7e6b1213b4.json
3382175ec0,89.8,0.689,pdb/3382175ec0.pdb,json/3382175ec0.json
f489ba5d5f,92.8,0.925,pdb/f489ba5d5f.pdb,json/f489ba5d5f.json
bce4c0416e,93.3,0.922,pdb/bce4c0416e.pdb,json/bce4c0416e.json
b6abfd7c7d,93.1,0.921,pdb/b6abfd7c7d.pdb,json/b6abfd7c7d.json
db0d5e9fec,95.1,0.927,pdb/db0d5e9fec.pdb,json/db0d5e9fec.json
e546aca494,93.1,0.917,pdb/e546aca494.pdb,json/e546aca494.json
c9267b3952,93.6,0.935,pdb/c9267b3952.pdb,json/c9267b3952.json
6965194d9f,90.4,0.841,pdb/6965194d9f.pdb,json/6965194d9f.json
c3c4a5404a,89.6,0.854,pdb/c3c4a5404a.pdb,json/c3c4a5404a.json
9e9f213bb6,94.9,0.935,pdb/9e9f213bb6.pdb,json/9e9f213bb6.json
8248c7df36,95.9,0.935,pdb/8248c7df36.pdb,json/8248c7df36.json
13e94451cf,95.4,0.926,pdb/13e94451cf.pdb,json/13e94451cf.json
9463e95eb1,97.2,0.949,pdb/9463e95eb1.pdb,json/9463e95eb1.json
39a0e1bbf5,95.5,0.936,pdb/39a0e1bbf5.pdb,json/39a0e1bbf5.json
8710c2a5d0,91.1,0.888,pdb/8710c2a5d0.pdb,json/8710c2a5d0.json
514cb13c45,98.1,0.951,pdb/514cb13c45.pdb,json/514cb13c45.json
0ee0cf49f0,95.2,0.926,pdb/0ee0cf49f0.pdb,json/0ee0cf49f0.json
61f0b6991a,92.7,0.909,pdb/61f0b6991a.pdb,json/61f0b6991a.json
259a695f19,95.2,0.927,pdb/259a695f19.pdb,json/259a695f19.json
149486192c,85.7,0.827,pdb/149486192c.pdb,json/149486192c.json
cfad741778,92.9,0.875,pdb/cfad741778.pdb,json/cfad741778.json
f2ac448666,91.3,0.89,pdb/f2ac448666.pdb,json/f2ac448666.json
e547b9fe8f,96.2,0.954,pdb/e547b9fe8f.pdb,json/e547b9fe8f.json
84ce513d73,95.5,0.932,pdb/84ce513d73.pdb,json/84ce513d73.json
e25293c89f,96.1,0.939,pdb/e25293c89f.pdb,json/e25293c89f.json
88b60b6822,95.0,0.935,pdb/88b60b6822.pdb,json/88b60b6822.json
14f90e3820,95.6,0.938,pdb/14f90e3820.pdb,json/14f90e3820.json
09916db422,95.8,0.944,pdb/09916db422.pdb,json/09916db422.json
604fa67140,92.7,0.907,pdb/604fa67140.pdb,json/604fa67140.json
87eaeb9416,70.1,0.442,pdb/87eaeb9416.pdb,json/87eaeb9416.json
11f88dc711,85.4,0.711,pdb/11f88dc711.pdb,json/11f88dc711.json
a7b2583e58,92.8,0.904,pdb/a7b2583e58.pdb,json/a7b2583e58.json
f9522bd24f,96.1,0.934,pdb/f9522bd24f.pdb,json/f9522bd24f.json
89caf80c44,90.4,0.839,pdb/89caf80c44.pdb,json/89caf80c44.json
bc5813403e,98.4,0.954,pdb/bc5813403e.pdb,json/bc5813403e.json
26013eef48,97.1,0.939,pdb/26013eef48.pdb,json/26013eef48.json
563b0fac8b,89.1,0.849,pdb/563b0fac8b.pdb,json/563b0fac8b.json
6182640e06,92.8,0.91,pdb/6182640e06.pdb,json/6182640e06.json
70717b2d1f,95.4,0.932,pdb/70717b2d1f.pdb,json/70717b2d1f.json
0a6877be04,93.5,0.918,pdb/0a6877be04.pdb,json/0a6877be04.json
bd90f1bdf5,91.4,0.834,pdb/bd90f1bdf5.pdb,json/bd90f1bdf5.json
3f3caa5571,96.6,0.943,pdb/3f3caa5571.pdb,json/3f3caa5571.json
35c2b577ff,94.3,0.922,pdb/35c2b577ff.pdb,json/35c2b577ff.json
ade6668ce3,92.4,0.864,pdb/ade6668ce3.pdb,json/ade6668ce3.json
51ae350e96,95.4,0.929,pdb/51ae350e96.pdb,json/51ae350e96.json
49c1c376f7,93.3,0.887,pdb/49c1c376f7.pdb,json/49c1c376f7.json
8aa1ef8fdb,89.9,0.903,pdb/8aa1ef8fdb.pdb,json/8aa1ef8fdb.json
aad271a92a,91.6,0.857,pdb/aad271a92a.pdb,json/aad271a92a.json
76077009a6,95.8,0.933,pdb/76077009a6.pdb,json/76077009a6.json
9ab8e69773,93.1,0.926,pdb/9ab8e69773.pdb,json/9ab8e69773.json
d1c4397472,88.9,0.876,pdb/d1c4397472.pdb,json/d1c4397472.json
1a8f6eea6e,95.0,0.926,pdb/1a8f6eea6e.pdb,json/1a8f6eea6e.json
beabdba2bc,90.8,0.908,pdb/beabdba2bc.pdb,json/beabdba2bc.json
818845fa4c,94.8,0.926,pdb/818845fa4c.pdb,json/818845fa4c.json
1e2abf662c,93.4,0.868,pdb/1e2abf662c.pdb,json/1e2abf662c.json
7cd0767220,91.5,0.858,pdb/7cd0767220.pdb,json/7cd0767220.json
f178749ab6,89.8,0.888,pdb/f178749ab6.pdb,json/f178749ab6.json
a9ee94fb84,95.4,0.929,pdb/a9ee94fb84.pdb,json/a9ee94fb84.json
53d11d8a47,90.6,0.875,pdb/53d11d8a47.pdb,json/53d11d8a47.json
b2bf3ca14b,96.2,0.935,pdb/b2bf3ca14b.pdb,json/b2bf3ca14b.json
42a57148b7,90.8,0.851,pdb/42a57148b7.pdb,json/42a57148b7.json
8c2ff5d9e6,92.1,0.583,pdb/8c2ff5d9e6.pdb,json/8c2ff5d9e6.json
501458601d,94.4,0.909,pdb/501458601d.pdb,json/501458601d.json
036ee941c0,92.5,0.727,pdb/036ee941c0.pdb,json/036ee941c0.json
56aaa6ff54,94.8,0.906,pdb/56aaa6ff54.pdb,json/56aaa6ff54.json
310572fbe5,93.3,0.922,pdb/310572fbe5.pdb,json/310572fbe5.json
2881e866a8,95.5,0.93,pdb/2881e866a8.pdb,json/2881e866a8.json
3c0a057ddb,95.6,0.934,pdb/3c0a057ddb.pdb,json/3c0a057ddb.json
d8abd164ca,94.6,0.923,pdb/d8abd164ca.pdb,json/d8abd164ca.json
ca79aac6d2,92.1,0.862,pdb/ca79aac6d2.pdb,json/ca79aac6d2.json
af4331f763,95.1,0.929,pdb/af4331f763.pdb,json/af4331f763.json
6a419c8f62,92.1,0.854,pdb/6a419c8f62.pdb,json/6a419c8f62.json
00fab94b93,86.0,0.811,pdb/00fab94b93.pdb,json/00fab94b93.json
8f75b5a6a4,93.5,0.928,pdb/8f75b5a6a4.pdb,json/8f75b5a6a4.json
8613412907,92.9,0.886,pdb/8613412907.pdb,json/8613412907.json
4d80c23cd9,96.2,0.937,pdb/4d80c23cd9.pdb,json/4d80c23cd9.json
ca866529d5,95.6,0.933,pdb/ca866529d5.pdb,json/ca866529d5.json
b981f29dd4,90.8,0.91,pdb/b981f29dd4.pdb,json/b981f29dd4.json
3d5c24dd3c,89.8,0.853,pdb/3d5c24dd3c.pdb,json/3d5c24dd3c.json
427e7a6a54,89.4,0.66,pdb/427e7a6a54.pdb,json/427e7a6a54.json
9566dad8c5,86.0,0.811,pdb/9566dad8c5.pdb,json/9566dad8c5.json
8325572f57,95.6,0.933,pdb/8325572f57.pdb,json/8325572f57.json
561001c977,95.6,0.931,pdb/561001c977.pdb,json/561001c977.json
f7f4fc795b,95.1,0.927,pdb/f7f4fc795b.pdb,json/f7f4fc795b.json
163307ae0e,97.7,0.95,pdb/163307ae0e.pdb,json/163307ae0e.json
4263a98de1,96.6,0.936,pdb/4263a98de1.pdb,json/4263a98de1.json
9b04742d32,93.6,0.924,pdb/9b04742d32.pdb,json/9b04742d32.json
205e43836c,91.4,0.896,pdb/205e43836c.pdb,json/205e43836c.json
85c029b315,87.2,0.869,pdb/85c029b315.pdb,json/85c029b315.json
35c35a0ed2,90.3,0.842,pdb/35c35a0ed2.pdb,json/35c35a0ed2.json
47336267d0,95.8,0.945,pdb/47336267d0.pdb,json/47336267d0.json
c5c17d4a5c,90.3,0.874,pdb/c5c17d4a5c.pdb,json/c5c17d4a5c.json
04a18e632f,97.6,0.951,pdb/04a18e632f.pdb,json/04a18e632f.json
eb1f85fb9d,95.5,0.932,pdb/eb1f85fb9d.pdb,json/eb1f85fb9d.json
26266f75a5,95.2,0.926,pdb/26266f75a5.pdb,json/26266f75a5.json
12a38f84cb,95.3,0.93,pdb/12a38f84cb.pdb,json/12a38f84cb.json
bbb0c59cb3,29.2,0.143,pdb/bbb0c59cb3.pdb,json/bbb0c59cb3.json
774af915a2,84.2,0.83,pdb/774af915a2.pdb,json/774af915a2.json
34cc9e64bc,90.0,0.715,pdb/34cc9e64bc.pdb,json/34cc9e64bc.json
893bea12b0,96.2,0.94,pdb/893bea12b0.pdb,json/893bea12b0.json
bf668f09da,95.2,0.927,pdb/bf668f09da.pdb,json/bf668f09da.json
7c52a1815c,91.7,0.857,pdb/7c52a1815c.pdb,json/7c52a1815c.json
f1ffb2cc48,93.3,0.887,pdb/f1ffb2cc48.pdb,json/f1ffb2cc48.json
4891e21675,90.8,0.859,pdb/4891e21675.pdb,json/4891e21675.json
ebb1e4fd55,88.1,0.886,pdb/ebb1e4fd55.pdb,json/ebb1e4fd55.json
3e758f86d9,62.5,0.595,pdb/3e758f86d9.pdb,json/3e758f86d9.json
bba14c5eef,83.9,0.783,pdb/bba14c5eef.pdb,json/bba14c5eef.json
46d55cfb0d,95.9,0.938,pdb/46d55cfb0d.pdb,json/46d55cfb0d.json
341379cf7a,97.3,0.94,pdb/341379cf7a.pdb,json/341379cf7a.json
bc53177eef,94.9,0.914,pdb/bc53177eef.pdb,json/bc53177eef.json
74249ed129,95.5,0.934,pdb/74249ed129.pdb,json/74249ed129.json
6db7070f50,96.4,0.936,pdb/6db7070f50.pdb,json/6db7070f50.json
0a1e62c5b0,86.0,0.811,pdb/0a1e62c5b0.pdb,json/0a1e62c5b0.json
490a93286d,95.7,0.936,pdb/490a93286d.pdb,json/490a93286d.json
73e435bdca,97.7,0.95,pdb/73e435bdca.pdb,json/73e435bdca.json
e11e569636,96.4,0.934,pdb/e11e569636.pdb,json/e11e569636.json
cfd1e91a88,83.6,0.733,pdb/cfd1e91a88.pdb,json/cfd1e91a88.json
b1b24e5fad,97.2,0.953,pdb/b1b24e5fad.pdb,json/b1b24e5fad.json
77d99f3697,91.9,0.856,pdb/77d99f3697.pdb,json/77d99f3697.json
10b480a9c8,90.6,0.875,pdb/10b480a9c8.pdb,json/10b480a9c8.json
ad11b1d44f,93.1,0.923,pdb/ad11b1d44f.pdb,json/ad11b1d44f.json
78611d152b,90.2,0.731,pdb/78611d152b.pdb,json/78611d152b.json
41d8053d83,96.3,0.934,pdb/41d8053d83.pdb,json/41d8053d83.json
f8cfde16a9,95.4,0.947,pdb/f8cfde16a9.pdb,json/f8cfde16a9.json
e13a2b349b,91.6,0.858,pdb/e13a2b349b.pdb,json/e13a2b349b.json
abe5a922dc,97.1,0.942,pdb/abe5a922dc.pdb,json/abe5a922dc.json
9aac834775,88.9,0.852,pdb/9aac834775.pdb,json/9aac834775.json
a07f81ab9e,93.8,0.676,pdb/a07f81ab9e.pdb,json/a07f81ab9e.json
e9a3e8ca80,87.8,0.787,pdb/e9a3e8ca80.pdb,json/e9a3e8ca80.json
9041bd3d3f,95.6,0.93,pdb/9041bd3d3f.pdb,json/9041bd3d3f.json
b9d9c3582d,90.1,0.845,pdb/b9d9c3582d.pdb,json/b9d9c3582d.json
c920427ab9,91.8,0.858,pdb/c920427ab9.pdb,json/c920427ab9.json
97b72f8814,97.7,0.935,pdb/97b72f8814.pdb,json/97b72f8814.json
302e134653,95.2,0.931,pdb/302e134653.pdb,json/302e134653.json
e423238da0,94.1,0.914,pdb/e423238da0.pdb,json/e423238da0.json
1ccebb556f,95.5,0.926,pdb/1ccebb556f.pdb,json/1ccebb556f.json
fb4e72acc2,95.3,0.933,pdb/fb4e72acc2.pdb,json/fb4e72acc2.json
9ff4a45fea,96.3,0.948,pdb/9ff4a45fea.pdb,json/9ff4a45fea.json
073f219340,91.9,0.858,pdb/073f219340.pdb,json/073f219340.json
be2cfcc2d3,95.9,0.949,pdb/be2cfcc2d3.pdb,json/be2cfcc2d3.json
b9b9faf119,92.9,0.722,pdb/b9b9faf119.pdb,json/b9b9faf119.json
a6b0446646,94.7,0.92,pdb/a6b0446646.pdb,json/a6b0446646.json
0d5e59d45f,97.5,0.95,pdb/0d5e59d45f.pdb,json/0d5e59d45f.json
a63e106409,93.2,0.908,pdb/a63e106409.pdb,json/a63e106409.json
2600949b2d,96.0,0.936,pdb/2600949b2d.pdb,json/2600949b2d.json
7eb595321a,81.7,0.588,pdb/7eb595321a.pdb,json/7eb595321a.json
091ba31d57,91.4,0.834,pdb/091ba31d57.pdb,json/091ba31d57.json
88cf56e92c,90.2,0.707,pdb/88cf56e92c.pdb,json/88cf56e92c.json
20bdd08f64,94.6,0.925,pdb/20bdd08f64.pdb,json/20bdd08f64.json
48e42e9c81,95.4,0.927,pdb/48e42e9c81.pdb,json/48e42e9c81.json
5ef36e4786,94.4,0.936,pdb/5ef36e4786.pdb,json/5ef36e4786.json
9abe02a7b7,95.4,0.933,pdb/9abe02a7b7.pdb,json/9abe02a7b7.json
9f0967e598,93.9,0.925,pdb/9f0967e598.pdb,json/9f0967e598.json
61b29f9d92,96.1,0.945,pdb/61b29f9d92.pdb,json/61b29f9d92.json
13f5f68d39,89.6,0.829,pdb/13f5f68d39.pdb,json/13f5f68d39.json
a0954edf8c,94.9,0.944,pdb/a0954edf8c.pdb,json/a0954edf8c.json
ce1110707a,97.5,0.95,pdb/ce1110707a.pdb,json/ce1110707a.json
d13b894c7e,93.9,0.919,pdb/d13b894c7e.pdb,json/d13b894c7e.json
081b5015ae,95.2,0.927,pdb/081b5015ae.pdb,json/081b5015ae.json
e2383a2e3f,94.0,0.917,pdb/e2383a2e3f.pdb,json/e2383a2e3f.json
2367ca90a9,91.4,0.857,pdb/2367ca90a9.pdb,json/2367ca90a9.json
7cd0d77ec3,94.7,0.859,pdb/7cd0d77ec3.pdb,json/7cd0d77ec3.json
c2ecf46c1e,86.4,0.871,pdb/c2ecf46c1e.pdb,json/c2ecf46c1e.json
297b66a43e,87.2,0.723,pdb/297b66a43e.pdb,json/297b66a43e.json
bd6a45daea,95.9,0.934,pdb/bd6a45daea.pdb,json/bd6a45daea.json
85daa0e1cc,96.0,0.933,pdb/85daa0e1cc.pdb,json/85daa0e1cc.json
25a220737a,96.9,0.937,pdb/25a220737a.pdb,json/25a220737a.json
0515046867,93.6,0.883,pdb/0515046867.pdb,json/0515046867.json
d008be676d,91.6,0.607,pdb/d008be676d.pdb,json/d008be676d.json
1af894a4b7,95.8,0.935,pdb/1af894a4b7.pdb,json/1af894a4b7.json
9b005da363,90.7,0.842,pdb/9b005da363.pdb,json/9b005da363.json
699e12b98f,95.9,0.945,pdb/699e12b98f.pdb,json/699e12b98f.json
015f8e0cfa,94.8,0.928,pdb/015f8e0cfa.pdb,json/015f8e0cfa.json
6bed28b628,96.6,0.936,pdb/6bed28b628.pdb,json/6bed28b628.json
b432ac1d48,64.8,0.345,pdb/b432ac1d48.pdb,json/b432ac1d48.json
a32b521bb7,95.8,0.934,pdb/a32b521bb7.pdb,json/a32b521bb7.json
ddd493bacf,93.0,0.897,pdb/ddd493bacf.pdb,json/ddd493bacf.json
afc53f6b36,92.8,0.875,pdb/afc53f6b36.pdb,json/afc53f6b36.json
06cfc0d4ca,89.6,0.652,pdb/06cfc0d4ca.pdb,json/06cfc0d4ca.json
b565e936ed,93.6,0.929,pdb/b565e936ed.pdb,json/b565e936ed.json
b82cbfc949,89.9,0.733,pdb/b82cbfc949.pdb,json/b82cbfc949.json
192517c6e5,79.9,0.827,pdb/192517c6e5.pdb,json/192517c6e5.json
2bb796edc7,91.4,0.834,pdb/2bb796edc7.pdb,json/2bb796edc7.json
1d0122680f,91.6,0.919,pdb/1d0122680f.pdb,json/1d0122680f.json
7015dc5bc0,91.6,0.858,pdb/7015dc5bc0.pdb,json/7015dc5bc0.json
932319d49c,87.7,0.801,pdb/932319d49c.pdb,json/932319d49c.json
27e96814fc,97.5,0.95,pdb/27e96814fc.pdb,json/27e96814fc.json
0e5551e3cc,95.3,0.923,pdb/0e5551e3cc.pdb,json/0e5551e3cc.json
d734597dbb,89.0,0.828,pdb/d734597dbb.pdb,json/d734597dbb.json
96efdbdfe5,92.8,0.875,pdb/96efdbdfe5.pdb,json/96efdbdfe5.json
60a7892ac8,97.6,0.951,pdb/60a7892ac8.pdb,json/60a7892ac8.json
4a084329bf,88.2,0.84,pdb/4a084329bf.pdb,json/4a084329bf.json
845d06c8ab,92.6,0.867,pdb/845d06c8ab.pdb,json/845d06c8ab.json
aef0b24815,87.6,0.774,pdb/aef0b24815.pdb,json/aef0b24815.json
8992bea4a0,97.9,0.947,pdb/8992bea4a0.pdb,json/8992bea4a0.json
acbf9a73a0,95.8,0.945,pdb/acbf9a73a0.pdb,json/acbf9a73a0.json
7107875d92,92.6,0.903,pdb/7107875d92.pdb,json/7107875d92.json
3e716ac988,91.9,0.855,pdb/3e716ac988.pdb,json/3e716ac988.json
861296c868,98.1,0.949,pdb/861296c868.pdb,json/861296c868.json
cd89c7faa8,93.9,0.933,pdb/cd89c7faa8.pdb,json/cd89c7faa8.json
b0efc2262a,98.0,0.947,pdb/b0efc2262a.pdb,json/b0efc2262a.json
072808affc,97.2,0.956,pdb/072808affc.pdb,json/072808affc.json
4eedb72779,97.2,0.955,pdb/4eedb72779.pdb,json/4eedb72779.json
d341eb7398,93.6,0.94,pdb/d341eb7398.pdb,json/d341eb7398.json
28e0c597d2,88.2,0.84,pdb/28e0c597d2.pdb,json/28e0c597d2.json
5e86cdba97,95.9,0.923,pdb/5e86cdba97.pdb,json/5e86cdba97.json
680834dc7d,97.7,0.95,pdb/680834dc7d.pdb,json/680834dc7d.json
c04a68922c,96.7,0.945,pdb/c04a68922c.pdb,json/c04a68922c.json
6bd96eb639,98.1,0.948,pdb/6bd96eb639.pdb,json/6bd96eb639.json
621a3be2cf,89.7,0.844,pdb/621a3be2cf.pdb,json/621a3be2cf.json
866aa272d0,93.7,0.903,pdb/866aa272d0.pdb,json/866aa272d0.json
bba02d5c53,93.1,0.896,pdb/bba02d5c53.pdb,json/bba02d5c53.json
f2df7ee094,89.6,0.834,pdb/f2df7ee094.pdb,json/f2df7ee094.json
ec2adebfeb,95.9,0.937,pdb/ec2adebfeb.pdb,json/ec2adebfeb.json
12e97be63f,93.4,0.892,pdb/12e97be63f.pdb,json/12e97be63f.json
99354c60bf,97.2,0.954,pdb/99354c60bf.pdb,json/99354c60bf.json
c04c861330,83.7,0.734,pdb/c04c861330.pdb,json/c04c861330.json
ad5b42fab0,90.8,0.851,pdb/ad5b42fab0.pdb,json/ad5b42fab0.json
72fdf604cf,90.8,0.732,pdb/72fdf604cf.pdb,json/72fdf604cf.json
b594c122d6,90.0,0.822,pdb/b594c122d6.pdb,json/b594c122d6.json
ab6e5c1f00,96.6,0.954,pdb/ab6e5c1f00.pdb,json/ab6e5c1f00.json
6c598a08cc,95.9,0.935,pdb/6c598a08cc.pdb,json/6c598a08cc.json
5327420c54,83.4,0.796,pdb/5327420c54.pdb,json/5327420c54.json
5415d494a2,97.4,0.95,pdb/5415d494a2.pdb,json/5415d494a2.json
6a483e40a8,92.6,0.863,pdb/6a483e40a8.pdb,json/6a483e40a8.json
de82edd1f6,89.9,0.733,pdb/de82edd1f6.pdb,json/de82edd1f6.json
1c673dc78a,90.9,0.851,pdb/1c673dc78a.pdb,json/1c673dc78a.json
ba04d67a0c,88.1,0.851,pdb/ba04d67a0c.pdb,json/ba04d67a0c.json
159589279e,90.5,0.843,pdb/159589279e.pdb,json/159589279e.json
97886f5303,92.6,0.863,pdb/97886f5303.pdb,json/97886f5303.json
788e7e51f7,97.8,0.951,pdb/788e7e51f7.pdb,json/788e7e51f7.json
66f87f129e,92.9,0.875,pdb/66f87f129e.pdb,json/66f87f129e.json
732ed1bb3b,96.0,0.933,pdb/732ed1bb3b.pdb,json/732ed1bb3b.json
31a652ca2d,91.6,0.906,pdb/31a652ca2d.pdb,json/31a652ca2d.json
91158a9f29,87.9,0.813,pdb/91158a9f29.pdb,json/91158a9f29.json
c336b15ba2,91.7,0.862,pdb/c336b15ba2.pdb,json/c336b15ba2.json
873991b8aa,86.5,0.85,pdb/873991b8aa.pdb,json/873991b8aa.json
4192ccdc09,92.1,0.895,pdb/4192ccdc09.pdb,json/4192ccdc09.json
e4c1237e19,40.0,0.272,pdb/e4c1237e19.pdb,json/e4c1237e19.json
25eeddfce3,90.8,0.91,pdb/25eeddfce3.pdb,json/25eeddfce3.json
5dbbb08aa0,93.0,0.875,pdb/5dbbb08aa0.pdb,json/5dbbb08aa0.json
683c993b41,96.3,0.934,pdb/683c993b41.pdb,json/683c993b41.json
70c2496741,90.4,0.734,pdb/70c2496741.pdb,json/70c2496741.json
8f04038be9,92.6,0.903,pdb/8f04038be9.pdb,json/8f04038be9.json
ebd68a1304,96.9,0.936,pdb/ebd68a1304.pdb,json/ebd68a1304.json
6972995cc1,95.0,0.911,pdb/6972995cc1.pdb,json/6972995cc1.json
cc3e71b56a,93.5,0.93,pdb/cc3e71b56a.pdb,json/cc3e71b56a.json
4e8b02077e,98.1,0.948,pdb/4e8b02077e.pdb,json/4e8b02077e.json
bcd0a9b65e,96.3,0.939,pdb/bcd0a9b65e.pdb,json/bcd0a9b65e.json
39303036f2,98.1,0.949,pdb/39303036f2.pdb,json/39303036f2.json
4523ef2c78,92.0,0.886,pdb/4523ef2c78.pdb,json/4523ef2c78.json
db22af4962,92.8,0.868,pdb/db22af4962.pdb,json/db22af4962.json
ce6e646c5f,92.2,0.882,pdb/ce6e646c5f.pdb,json/ce6e646c5f.json
9e7a86b52b,87.2,0.835,pdb/9e7a86b52b.pdb,json/9e7a86b52b.json
259aa1c132,86.0,0.811,pdb/259aa1c132.pdb,json/259aa1c132.json
3c65348332,91.9,0.854,pdb/3c65348332.pdb,json/3c65348332.json
fa2e7bbd85,91.4,0.856,pdb/fa2e7bbd85.pdb,json/fa2e7bbd85.json
20790a50be,89.2,0.87,pdb/20790a50be.pdb,json/20790a50be.json
7ba24cafdd,84.1,0.832,pdb/7ba24cafdd.pdb,json/7ba24cafdd.json
82360cb7ef,92.8,0.868,pdb/82360cb7ef.pdb,json/82360cb7ef.json
1673038e62,90.8,0.851,pdb/1673038e62.pdb,json/1673038e62.json
9fc8df1f76,92.9,0.875,pdb/9fc8df1f76.pdb,json/9fc8df1f76.json
2e608bfeb7,88.8,0.848,pdb/2e608bfeb7.pdb,json/2e608bfeb7.json
694fbcd320,82.7,0.848,pdb/694fbcd320.pdb,json/694fbcd320.json
79b65e7f1a,90.4,0.835,pdb/79b65e7f1a.pdb,json/79b65e7f1a.json
1280b6f089,90.8,0.753,pdb/1280b6f089.pdb,json/1280b6f089.json
41cce49ced,90.6,0.843,pdb/41cce49ced.pdb,json/41cce49ced.json
af57037644,92.2,0.882,pdb/af57037644.pdb,json/af57037644.json
3aa521b56c,89.9,0.868,pdb/3aa521b56c.pdb,json/3aa521b56c.json
78c4630b8e,90.4,0.734,pdb/78c4630b8e.pdb,json/78c4630b8e.json
78d422fd0d,90.5,0.858,pdb/78d422fd0d.pdb,json/78d422fd0d.json
5e3dfa3da5,98.1,0.948,pdb/5e3dfa3da5.pdb,json/5e3dfa3da5.json
316504c5b7,91.8,0.858,pdb/316504c5b7.pdb,json/316504c5b7.json
94e8157fc2,91.9,0.854,pdb/94e8157fc2.pdb,json/94e8157fc2.json
b4f712dc24,90.1,0.84,pdb/b4f712dc24.pdb,json/b4f712dc24.json
aecb7c3198,91.4,0.834,pdb/aecb7c3198.pdb,json/aecb7c3198.json
f917b1fb00,90.8,0.91,pdb/f917b1fb00.pdb,json/f917b1fb00.json
4d951d2a2f,91.4,0.856,pdb/4d951d2a2f.pdb,json/4d951d2a2f.json
a92dae508e,90.8,0.851,pdb/a92dae508e.pdb,json/a92dae508e.json
7146995d5b,92.4,0.941,pdb/7146995d5b.pdb,json/7146995d5b.json
338eba7f89,90.2,0.871,pdb/338eba7f89.pdb,json/338eba7f89.json
2eff1349ac,97.7,0.95,pdb/2eff1349ac.pdb,json/2eff1349ac.json
4acfa22c77,89.4,0.855,pdb/4acfa22c77.pdb,json/4acfa22c77.json
5739f30145,89.1,0.851,pdb/5739f30145.pdb,json/5739f30145.json
0d1c9623c0,89.4,0.822,pdb/0d1c9623c0.pdb,json/0d1c9623c0.json
f7bfaf0e2c,92.6,0.863,pdb/f7bfaf0e2c.pdb,json/f7bfaf0e2c.json
38aef3b00d,89.8,0.889,pdb/38aef3b00d.pdb,json/38aef3b00d.json
d7fb426c06,89.9,0.733,pdb/d7fb426c06.pdb,json/d7fb426c06.json
15cc1f1472,97.6,0.948,pdb/15cc1f1472.pdb,json/15cc1f1472.json
e42c5fc33c,95.1,0.792,pdb/e42c5fc33c.pdb,json/e42c5fc33c.json
4c174f8fbe,93.7,0.903,pdb/4c174f8fbe.pdb,json/4c174f8fbe.json
3f57b48823,95.6,0.938,pdb/3f57b48823.pdb,json/3f57b48823.json
92dd94b599,96.7,0.945,pdb/92dd94b599.pdb,json/92dd94b599.json
234224de9f,96.6,0.936,pdb/234224de9f.pdb,json/234224de9f.json
7b722bc6e2,89.9,0.861,pdb/7b722bc6e2.pdb,json/7b722bc6e2.json
9b722074a4,92.1,0.862,pdb/9b722074a4.pdb,json/9b722074a4.json
d0b341036d,96.6,0.954,pdb/d0b341036d.pdb,json/d0b341036d.json
ca3ac9ae73,93.8,0.921,pdb/ca3ac9ae73.pdb,json/ca3ac9ae73.json
d90d7817f3,85.4,0.711,pdb/d90d7817f3.pdb,json/d90d7817f3.json
2794a2ac58,91.6,0.904,pdb/2794a2ac58.pdb,json/2794a2ac58.json
d9694b0ff9,90.4,0.734,pdb/d9694b0ff9.pdb,json/d9694b0ff9.json
6f3ec9ef55,93.2,0.929,pdb/6f3ec9ef55.pdb,json/6f3ec9ef55.json
59c3ac884c,90.4,0.833,pdb/59c3ac884c.pdb,json/59c3ac884c.json
d79875821d,86.1,0.806,pdb/d79875821d.pdb,json/d79875821d.json
93754219db,92.6,0.903,pdb/93754219db.pdb,json/93754219db.json
d882bce9ca,97.8,0.952,pdb/d882bce9ca.pdb,json/d882bce9ca.json
9f93bdc9ec,89.7,0.678,pdb/9f93bdc9ec.pdb,json/9f93bdc9ec.json
1c7427093c,89.6,0.829,pdb/1c7427093c.pdb,json/1c7427093c.json
ef3146b33f,83.9,0.902,pdb/ef3146b33f.pdb,json/ef3146b33f.json
149923aec6,84.1,0.845,pdb/149923aec6.pdb,json/149923aec6.json
a9addab7e5,77.8,0.592,pdb/a9addab7e5.pdb,json/a9addab7e5.json
144b809ec4,89.7,0.888,pdb/144b809ec4.pdb,json/144b809ec4.json
5e679483ec,93.9,0.938,pdb/5e679483ec.pdb,json/5e679483ec.json
bd7ef0ab46,92.1,0.88,pdb/bd7ef0ab46.pdb,json/bd7ef0ab46.json
da03ff6a1f,93.4,0.901,pdb/da03ff6a1f.pdb,json/da03ff6a1f.json
7aacc4ee64,90.1,0.871,pdb/7aacc4ee64.pdb,json/7aacc4ee64.json
f54a2b0583,89.9,0.868,pdb/f54a2b0583.pdb,json/f54a2b0583.json
fc7a9b40c6,89.6,0.829,pdb/fc7a9b40c6.pdb,json/fc7a9b40c6.json
3defbf05c8,90.3,0.884,pdb/3defbf05c8.pdb,json/3defbf05c8.json
80055e7dba,95.3,0.93,pdb/80055e7dba.pdb,json/80055e7dba.json
4d718eaf4c,91.7,0.763,pdb/4d718eaf4c.pdb,json/4d718eaf4c.json
60ea077c8e,97.9,0.947,pdb/60ea077c8e.pdb,json/60ea077c8e.json
871cad2901,89.5,0.854,pdb/871cad2901.pdb,json/871cad2901.json
e5a1647dba,93.8,0.921,pdb/e5a1647dba.pdb,json/e5a1647dba.json
7c2627e466,92.8,0.875,pdb/7c2627e466.pdb,json/7c2627e466.json
2cbd6286d8,91.6,0.904,pdb/2cbd6286d8.pdb,json/2cbd6286d8.json
d36aecec6c,90.8,0.842,pdb/d36aecec6c.pdb,json/d36aecec6c.json
5aea9b8817,87.5,0.735,pdb/5aea9b8817.pdb,json/5aea9b8817.json
bb22e38599,97.8,0.951,pdb/bb22e38599.pdb,json/bb22e38599.json
cad79d6541,89.8,0.733,pdb/cad79d6541.pdb,json/cad79d6541.json
54e04d87af,92.9,0.88,pdb/54e04d87af.pdb,json/54e04d87af.json
e779bc31c8,91.1,0.845,pdb/e779bc31c8.pdb,json/e779bc31c8.json
700d816e7e,91.4,0.842,pdb/700d816e7e.pdb,json/700d816e7e.json
283c27c23a,98.1,0.948,pdb/283c27c23a.pdb,json/283c27c23a.json
dfcdbfc711,98.2,0.949,pdb/dfcdbfc711.pdb,json/dfcdbfc711.json
493233b660,88.2,0.83,pdb/493233b660.pdb,json/493233b660.json
6a8a30e8ee,93.0,0.875,pdb/6a8a30e8ee.pdb,json/6a8a30e8ee.json
a51e86f103,89.5,0.855,pdb/a51e86f103.pdb,json/a51e86f103.json
ac3254b0de,98.1,0.949,pdb/ac3254b0de.pdb,json/ac3254b0de.json
2eb72ff619,96.8,0.935,pdb/2eb72ff619.pdb,json/2eb72ff619.json
6812d43701,94.6,0.911,pdb/6812d43701.pdb,json/6812d43701.json
f90323675b,93.7,0.929,pdb/f90323675b.pdb,json/f90323675b.json
4711279e33,93.6,0.905,pdb/4711279e33.pdb,json/4711279e33.json
9461601f6c,89.9,0.822,pdb/9461601f6c.pdb,json/9461601f6c.json
543551c902,90.6,0.843,pdb/543551c902.pdb,json/543551c902.json
42af6294e5,90.8,0.733,pdb/42af6294e5.pdb,json/42af6294e5.json
9a2ca2353d,96.9,0.94,pdb/9a2ca2353d.pdb,json/9a2ca2353d.json
1926d84034,97.2,0.954,pdb/1926d84034.pdb,json/1926d84034.json
96fa2b30a0,94.7,0.919,pdb/96fa2b30a0.pdb,json/96fa2b30a0.json
f2f078ec6e,89.7,0.883,pdb/f2f078ec6e.pdb,json/f2f078ec6e.json
8b907502f7,91.1,0.773,pdb/8b907502f7.pdb,json/8b907502f7.json
6a430b910d,93.6,0.89,pdb/6a430b910d.pdb,json/6a430b910d.json
cceac56d17,91.6,0.754,pdb/cceac56d17.pdb,json/cceac56d17.json
906c676c12,94.9,0.935,pdb/906c676c12.pdb,json/906c676c12.json
c50a52f76b,96.5,0.949,pdb/c50a52f76b.pdb,json/c50a52f76b.json
dfb30fd4ad,89.6,0.829,pdb/dfb30fd4ad.pdb,json/dfb30fd4ad.json
4d0f30527a,93.2,0.9,pdb/4d0f30527a.pdb,json/4d0f30527a.json
8d3035ebc0,88.1,0.801,pdb/8d3035ebc0.pdb,json/8d3035ebc0.json
1fbae30cf9,94.6,0.911,pdb/1fbae30cf9.pdb,json/1fbae30cf9.json
269a76723c,90.1,0.835,pdb/269a76723c.pdb,json/269a76723c.json
32563c0c0f,90.8,0.887,pdb/32563c0c0f.pdb,json/32563c0c0f.json
e8a51f54f6,92.9,0.875,pdb/e8a51f54f6.pdb,json/e8a51f54f6.json
222a0eb1a0,91.1,0.854,pdb/222a0eb1a0.pdb,json/222a0eb1a0.json
612d47e2c8,97.5,0.95,pdb/612d47e2c8.pdb,json/612d47e2c8.json
360413121e,90.9,0.75,pdb/360413121e.pdb,json/360413121e.json
60a1245891,93.4,0.908,pdb/60a1245891.pdb,json/60a1245891.json
9dd366090c,90.8,0.827,pdb/9dd366090c.pdb,json/9dd366090c.json
ba1370eff7,89.9,0.861,pdb/ba1370eff7.pdb,json/ba1370eff7.json
585aacdac2,94.8,0.935,pdb/585aacdac2.pdb,json/585aacdac2.json
eb332dd621,93.2,0.887,pdb/eb332dd621.pdb,json/eb332dd621.json
081e78f8d9,96.2,0.882,pdb/081e78f8d9.pdb,json/081e78f8d9.json
7935025160,87.3,0.793,pdb/7935025160.pdb,json/7935025160.json
92af6d89be,88.2,0.653,pdb/92af6d89be.pdb,json/92af6d89be.json
70b482d682,98.1,0.948,pdb/70b482d682.pdb,json/70b482d682.json
8fcdc4ab64,91.2,0.896,pdb/8fcdc4ab64.pdb,json/8fcdc4ab64.json
17312d651c,94.9,0.935,pdb/17312d651c.pdb,json/17312d651c.json
e314fd49e8,90.6,0.842,pdb/e314fd49e8.pdb,json/e314fd49e8.json
54284e6c39,88.4,0.808,pdb/54284e6c39.pdb,json/54284e6c39.json
71fac0ab7b,93.2,0.896,pdb/71fac0ab7b.pdb,json/71fac0ab7b.json
39b4a9b622,89.9,0.82,pdb/39b4a9b622.pdb,json/39b4a9b622.json
7aebbf0ca7,70.8,0.725,pdb/7aebbf0ca7.pdb,json/7aebbf0ca7.json
97ef2c6458,91.1,0.823,pdb/97ef2c6458.pdb,json/97ef2c6458.json
dc39738b17,93.6,0.905,pdb/dc39738b17.pdb,json/dc39738b17.json
01816243fe,89.6,0.82,pdb/01816243fe.pdb,json/01816243fe.json
137772f675,89.9,0.733,pdb/137772f675.pdb,json/137772f675.json
d9dc46e29e,89.7,0.685,pdb/d9dc46e29e.pdb,json/d9dc46e29e.json
ee302712eb,92.9,0.869,pdb/ee302712eb.pdb,json/ee302712eb.json
00142236f3,93.4,0.869,pdb/00142236f3.pdb,json/00142236f3.json
2c49c95917,92.4,0.861,pdb/2c49c95917.pdb,json/2c49c95917.json
a562f629d5,92.8,0.875,pdb/a562f629d5.pdb,json/a562f629d5.json
a651a1b1d8,92.8,0.875,pdb/a651a1b1d8.pdb,json/a651a1b1d8.json
6a5b071591,90.6,0.842,pdb/6a5b071591.pdb,json/6a5b071591.json
6861317ba8,88.9,0.827,pdb/6861317ba8.pdb,json/6861317ba8.json
221b6cac8f,91.9,0.854,pdb/221b6cac8f.pdb,json/221b6cac8f.json
63bef039bc,97.7,0.95,pdb/63bef039bc.pdb,json/63bef039bc.json
86dfa44bfc,89.2,0.822,pdb/86dfa44bfc.pdb,json/86dfa44bfc.json
f54e434380,87.5,0.698,pdb/f54e434380.pdb,json/f54e434380.json
736fafe115,91.9,0.926,pdb/736fafe115.pdb,json/736fafe115.json
9d51f58434,97.8,0.942,pdb/9d51f58434.pdb,json/9d51f58434.json
98b7748823,97.8,0.947,pdb/98b7748823.pdb,json/98b7748823.json
f314cef4de,93.3,0.855,pdb/f314cef4de.pdb,json/f314cef4de.json
0b659ae70d,96.9,0.94,pdb/0b659ae70d.pdb,json/0b659ae70d.json
80edf54250,90.6,0.697,pdb/80edf54250.pdb,json/80edf54250.json
1efb0efbc3,83.7,0.734,pdb/1efb0efbc3.pdb,json/1efb0efbc3.json
3c212ad22f,95.8,0.952,pdb/3c212ad22f.pdb,json/3c212ad22f.json
8d4d5bb36a,92.8,0.875,pdb/8d4d5bb36a.pdb,json/8d4d5bb36a.json
cde4667976,91.4,0.856,pdb/cde4667976.pdb,json/cde4667976.json
16fcee7045,98.4,0.936,pdb/16fcee7045.pdb,json/16fcee7045.json
2b7c7dbebe,92.9,0.856,pdb/2b7c7dbebe.pdb,json/2b7c7dbebe.json
f471b7d621,96.1,0.939,pdb/f471b7d621.pdb,json/f471b7d621.json
ecb0356ac4,95.6,0.933,pdb/ecb0356ac4.pdb,json/ecb0356ac4.json
dcee2423c7,91.9,0.837,pdb/dcee2423c7.pdb,json/dcee2423c7.json
1b21833402,92.8,0.875,pdb/1b21833402.pdb,json/1b21833402.json
e79726b180,97.8,0.947,pdb/e79726b180.pdb,json/e79726b180.json
e81e3394eb,91.4,0.751,pdb/e81e3394eb.pdb,json/e81e3394eb.json
8ae352db30,90.1,0.84,pdb/8ae352db30.pdb,json/8ae352db30.json
0f524a9f53,95.3,0.948,pdb/0f524a9f53.pdb,json/0f524a9f53.json
91351ca686,92.1,0.895,pdb/91351ca686.pdb,json/91351ca686.json
c8684b0003,91.2,0.912,pdb/c8684b0003.pdb,json/c8684b0003.json
0ceccec9cc,93.7,0.929,pdb/0ceccec9cc.pdb,json/0ceccec9cc.json
8b105dab15,95.9,0.926,pdb/8b105dab15.pdb,json/8b105dab15.json
fa0bd8f4c6,92.9,0.875,pdb/fa0bd8f4c6.pdb,json/fa0bd8f4c6.json
92eb405214,91.6,0.858,pdb/92eb405214.pdb,json/92eb405214.json
d9341bd40c,91.2,0.896,pdb/d9341bd40c.pdb,json/d9341bd40c.json
10d2b9d143,83.7,0.733,pdb/10d2b9d143.pdb,json/10d2b9d143.json
38e6dd8e07,91.1,0.844,pdb/38e6dd8e07.pdb,json/38e6dd8e07.json
dc8d74d426,95.8,0.922,pdb/dc8d74d426.pdb,json/dc8d74d426.json
4b213359a5,87.8,0.764,pdb/4b213359a5.pdb,json/4b213359a5.json
ac44a6e200,88.2,0.829,pdb/ac44a6e200.pdb,json/ac44a6e200.json
e52f1279b1,88.1,0.842,pdb/e52f1279b1.pdb,json/e52f1279b1.json
71847c44b4,97.1,0.945,pdb/71847c44b4.pdb,json/71847c44b4.json
f491471d3c,91.9,0.837,pdb/f491471d3c.pdb,json/f491471d3c.json
008a870d80,92.9,0.875,pdb/008a870d80.pdb,json/008a870d80.json
7cef641eb1,89.6,0.829,pdb/7cef641eb1.pdb,json/7cef641eb1.json
e6ee3e078f,79.8,0.827,pdb/e6ee3e078f.pdb,json/e6ee3e078f.json
05565453b0,29.9,0.12,pdb/05565453b0.pdb,json/05565453b0.json
2373942cb2,86.0,0.811,pdb/2373942cb2.pdb,json/2373942cb2.json
bec89b1c7b,90.2,0.825,pdb/bec89b1c7b.pdb,json/bec89b1c7b.json
01681a8b2b,85.9,0.75,pdb/01681a8b2b.pdb,json/01681a8b2b.json
f21db2040e,90.0,0.863,pdb/f21db2040e.pdb,json/f21db2040e.json
e4c67a6a21,89.4,0.855,pdb/e4c67a6a21.pdb,json/e4c67a6a21.json
1323d77882,93.8,0.892,pdb/1323d77882.pdb,json/1323d77882.json
6e9f418fdf,96.9,0.951,pdb/6e9f418fdf.pdb,json/6e9f418fdf.json
0abd1affa6,94.1,0.937,pdb/0abd1affa6.pdb,json/0abd1affa6.json
aa6b6a90fb,87.9,0.765,pdb/aa6b6a90fb.pdb,json/aa6b6a90fb.json
92f6193a2c,,,,
353219c259,83.9,0.826,pdb/353219c259.pdb,json/353219c259.json
311bb738fa,93.6,0.919,pdb/311bb738fa.pdb,json/311bb738fa.json
3ca10c0eee,90.4,0.836,pdb/3ca10c0eee.pdb,json/3ca10c0eee.json
cf46d0ab3a,94.9,0.935,pdb/cf46d0ab3a.pdb,json/cf46d0ab3a.json
c846928ccb,96.4,0.938,pdb/c846928ccb.pdb,json/c846928ccb.json
12faccb5be,63.2,0.59,pdb/12faccb5be.pdb,json/12faccb5be.json
410c35bff0,92.2,0.893,pdb/410c35bff0.pdb,json/410c35bff0.json
0313526622,93.8,0.935,pdb/0313526622.pdb,json/0313526622.json
d5a2e7dd85,90.3,0.902,pdb/d5a2e7dd85.pdb,json/d5a2e7dd85.json
03e0eb2320,97.4,0.941,pdb/03e0eb2320.pdb,json/03e0eb2320.json
4898fdb0fc,,,,
b10bbb01d9,,,,
2f1a5cbb2b,89.7,0.685,pdb/2f1a5cbb2b.pdb,json/2f1a5cbb2b.json
372ba001d4,,,,
e9ed55245d,94.0,0.928,pdb/e9ed55245d.pdb,json/e9ed55245d.json
8765440774,94.7,0.859,pdb/8765440774.pdb,json/8765440774.json
1aeddb8313,92.1,0.58,pdb/1aeddb8313.pdb,json/1aeddb8313.json
050122b362,88.3,0.872,pdb/050122b362.pdb,json/050122b362.json
c3de1d571a,90.8,0.91,pdb/c3de1d571a.pdb,json/c3de1d571a.json
7e42691ca9,95.4,0.935,pdb/7e42691ca9.pdb,json/7e42691ca9.json
5a694e9c70,,,,
536475e87e,93.2,0.922,pdb/536475e87e.pdb,json/536475e87e.json
7b9a771a03,,,,
e4cd1530a6,90.4,0.893,pdb/e4cd1530a6.pdb,json/e4cd1530a6.json
c0e6029ac0,91.6,0.858,pdb/c0e6029ac0.pdb,json/c0e6029ac0.json
906ec17d8c,97.8,0.95,pdb/906ec17d8c.pdb,json/906ec17d8c.json
8e38e66097,95.8,0.933,pdb/8e38e66097.pdb,json/8e38e66097.json
0239d98df2,95.8,0.945,pdb/0239d98df2.pdb,json/0239d98df2.json
6920533259,97.7,0.948,pdb/6920533259.pdb,json/6920533259.json
40d7b91cfc,92.8,0.878,pdb/40d7b91cfc.pdb,json/40d7b91cfc.json
11daad25c1,93.7,0.914,pdb/11daad25c1.pdb,json/11daad25c1.json
f833c929a2,90.2,0.709,pdb/f833c929a2.pdb,json/f833c929a2.json
f1a9d94fa0,97.8,0.951,pdb/f1a9d94fa0.pdb,json/f1a9d94fa0.json
98f5319ea1,91.4,0.886,pdb/98f5319ea1.pdb,json/98f5319ea1.json
f573d83bdf,96.9,0.94,pdb/f573d83bdf.pdb,json/f573d83bdf.json
ccefb94a4e,,,,
3e99d2dcea,92.7,0.909,pdb/3e99d2dcea.pdb,json/3e99d2dcea.json
f3e6971aea,64.7,0.625,pdb/f3e6971aea.pdb,json/f3e6971aea.json
eefb0f00ba,93.8,0.921,pdb/eefb0f00ba.pdb,json/eefb0f00ba.json
35c93c3022,94.2,0.918,pdb/35c93c3022.pdb,json/35c93c3022.json
d388d394d8,,,,
48e3ee8d97,,,,
d6ca63e765,90.4,0.695,pdb/d6ca63e765.pdb,json/d6ca63e765.json
53bfcb920b,96.2,0.946,pdb/53bfcb920b.pdb,json/53bfcb920b.json
bfa2764382,,,,
c1a9628345,92.7,0.904,pdb/c1a9628345.pdb,json/c1a9628345.json
ce52099fae,98.1,0.948,pdb/ce52099fae.pdb,json/ce52099fae.json
022eb8d5c0,94.4,0.918,pdb/022eb8d5c0.pdb,json/022eb8d5c0.json
70f473f422,98.1,0.948,pdb/70f473f422.pdb,json/70f473f422.json
6253b1aade,94.2,0.912,pdb/6253b1aade.pdb,json/6253b1aade.json
75d1d6dced,97.8,0.951,pdb/75d1d6dced.pdb,json/75d1d6dced.json
d09df3ba56,92.7,0.907,pdb/d09df3ba56.pdb,json/d09df3ba56.json
f3a6443770,93.9,0.939,pdb/f3a6443770.pdb,json/f3a6443770.json
44902ebe7b,89.1,0.896,pdb/44902ebe7b.pdb,json/44902ebe7b.json
7da4a2297c,91.2,0.896,pdb/7da4a2297c.pdb,json/7da4a2297c.json
c6e7853f94,94.5,0.897,pdb/c6e7853f94.pdb,json/c6e7853f94.json
040897e354,90.4,0.734,pdb/040897e354.pdb,json/040897e354.json
35f5b0e4a0,96.7,0.945,pdb/35f5b0e4a0.pdb,json/35f5b0e4a0.json
41f196ac16,,,,
53c98434e4,92.8,0.877,pdb/53c98434e4.pdb,json/53c98434e4.json
f1eb3df543,87.5,0.735,pdb/f1eb3df543.pdb,json/f1eb3df543.json
492fd42084,93.8,0.906,pdb/492fd42084.pdb,json/492fd42084.json
e4f6de0abe,95.4,0.944,pdb/e4f6de0abe.pdb,json/e4f6de0abe.json
364b49dd25,88.9,0.849,pdb/364b49dd25.pdb,json/364b49dd25.json
7498c41ec9,87.1,0.726,pdb/7498c41ec9.pdb,json/7498c41ec9.json
40a64258ce,95.5,0.928,pdb/40a64258ce.pdb,json/40a64258ce.json
27615e838b,95.4,0.944,pdb/27615e838b.pdb,json/27615e838b.json
5127b8c5b6,89.5,0.855,pdb/5127b8c5b6.pdb,json/5127b8c5b6.json
dba64d2e40,90.8,0.896,pdb/dba64d2e40.pdb,json/dba64d2e40.json
e99a5a2842,94.2,0.917,pdb/e99a5a2842.pdb,json/e99a5a2842.json
e5513eb4d8,85.4,0.711,pdb/e5513eb4d8.pdb,json/e5513eb4d8.json
396d03c737,95.9,0.946,pdb/396d03c737.pdb,json/396d03c737.json
9109e5e80d,89.0,0.82,pdb/9109e5e80d.pdb,json/9109e5e80d.json
e67c50af77,94.1,0.939,pdb/e67c50af77.pdb,json/e67c50af77.json
d17d8c9b11,76.4,0.806,pdb/d17d8c9b11.pdb,json/d17d8c9b11.json
06e5288185,92.6,0.893,pdb/06e5288185.pdb,json/06e5288185.json
464cecdd28,90.9,0.877,pdb/464cecdd28.pdb,json/464cecdd28.json
f3be969afb,92.9,0.885,pdb/f3be969afb.pdb,json/f3be969afb.json
2c5eeaa935,88.4,0.833,pdb/2c5eeaa935.pdb,json/2c5eeaa935.json
9c28e36175,,,,
9a48d1ff76,98.1,0.952,pdb/9a48d1ff76.pdb,json/9a48d1ff76.json
06c621f506,86.0,0.811,pdb/06c621f506.pdb,json/06c621f506.json
09ab0bfb61,95.2,0.942,pdb/09ab0bfb61.pdb,json/09ab0bfb61.json
8b8a9c2713,94.1,0.891,pdb/8b8a9c2713.pdb,json/8b8a9c2713.json
3a1bf0ec9a,91.9,0.841,pdb/3a1bf0ec9a.pdb,json/3a1bf0ec9a.json
271d1a9d51,90.8,0.91,pdb/271d1a9d51.pdb,json/271d1a9d51.json
834a93e186,,,,
f4d0b7bd9c,90.2,0.699,pdb/f4d0b7bd9c.pdb,json/f4d0b7bd9c.json
e0399da3ba,97.1,0.951,pdb/e0399da3ba.pdb,json/e0399da3ba.json
002bf4f5c2,,,,
f33c31297d,96.7,0.953,pdb/f33c31297d.pdb,json/f33c31297d.json
c58f3ad242,93.4,0.929,pdb/c58f3ad242.pdb,json/c58f3ad242.json
9c4ee19293,85.8,0.637,pdb/9c4ee19293.pdb,json/9c4ee19293.json
e0b773f26a,96.9,0.936,pdb/e0b773f26a.pdb,json/e0b773f26a.json
76dbc0ddef,94.2,0.917,pdb/76dbc0ddef.pdb,json/76dbc0ddef.json
bcc70e28d9,,,,
6c15fecaaa,95.6,0.918,pdb/6c15fecaaa.pdb,json/6c15fecaaa.json
b91efc0667,,,,
3b18b469b2,97.1,0.953,pdb/3b18b469b2.pdb,json/3b18b469b2.json
90680ee2e7,89.6,0.829,pdb/90680ee2e7.pdb,json/90680ee2e7.json
b5cc08991a,96.4,0.949,pdb/b5cc08991a.pdb,json/b5cc08991a.json
f018c7482a,93.7,0.938,pdb/f018c7482a.pdb,json/f018c7482a.json
532558f571,95.9,0.947,pdb/532558f571.pdb,json/532558f571.json
3b2428821a,,,,
d93ff5381d,95.3,0.931,pdb/d93ff5381d.pdb,json/d93ff5381d.json
94d8b12380,90.2,0.701,pdb/94d8b12380.pdb,json/94d8b12380.json
0f02e843cf,83.7,0.734,pdb/0f02e843cf.pdb,json/0f02e843cf.json
351ec46339,93.5,0.903,pdb/351ec46339.pdb,json/351ec46339.json
77ef59ef95,96.2,0.947,pdb/77ef59ef95.pdb,json/77ef59ef95.json
8e9880dac6,95.9,0.932,pdb/8e9880dac6.pdb,json/8e9880dac6.json
3da34a0603,95.2,0.945,pdb/3da34a0603.pdb,json/3da34a0603.json
80f19b8d9c,,,,
8beb1c0a8d,95.0,0.922,pdb/8beb1c0a8d.pdb,json/8beb1c0a8d.json
d77c72ad06,91.6,0.888,pdb/d77c72ad06.pdb,json/d77c72ad06.json
0dc929eac8,96.6,0.943,pdb/0dc929eac8.pdb,json/0dc929eac8.json
2e8f65dc48,94.1,0.915,pdb/2e8f65dc48.pdb,json/2e8f65dc48.json
301c52db39,93.2,0.927,pdb/301c52db39.pdb,json/301c52db39.json
aec703ce30,97.2,0.937,pdb/aec703ce30.pdb,json/aec703ce30.json
9cef37496d,,,,
c737ff5dba,,,,
f102aaa89c,95.7,0.945,pdb/f102aaa89c.pdb,json/f102aaa89c.json
f491b64a59,89.7,0.678,pdb/f491b64a59.pdb,json/f491b64a59.json
ed59c48af1,94.8,0.919,pdb/ed59c48af1.pdb,json/ed59c48af1.json
3802c03734,96.2,0.94,pdb/3802c03734.pdb,json/3802c03734.json
c66f003d7d,,,,
e6eb4da8b9,,,,
42b95295f2,92.9,0.869,pdb/42b95295f2.pdb,json/42b95295f2.json
1c3f976453,,,,
f942b344cb,92.0,0.898,pdb/f942b344cb.pdb,json/f942b344cb.json
561392648a,,,,
2dfc35b340,94.6,0.91,pdb/2dfc35b340.pdb,json/2dfc35b340.json
4fb0af1325,,,,
ae3b2d014f,,,,
e3ebe3e012,93.2,0.887,pdb/e3ebe3e012.pdb,json/e3ebe3e012.json
0a139f6501,,,,
27628b52bf,,,,
47e3cd6199,94.4,0.921,pdb/47e3cd6199.pdb,json/47e3cd6199.json
445a71b3e9,92.6,0.751,pdb/445a71b3e9.pdb,json/445a71b3e9.json
3c8104736e,,,,
1a7b00009a,83.8,0.783,pdb/1a7b00009a.pdb,json/1a7b00009a.json
46a0b739ad,,,,
2e3ea59b6e,87.1,0.726,pdb/2e3ea59b6e.pdb,json/2e3ea59b6e.json
9eac6c57ce,,,,
05a48f497b,98.1,0.949,pdb/05a48f497b.pdb,json/05a48f497b.json
102565ca6f,,,,
75a85135b8,94.4,0.862,pdb/75a85135b8.pdb,json/75a85135b8.json
e2abbaa047,,,,
a1ba8d1e9f,92.6,0.863,pdb/a1ba8d1e9f.pdb,json/a1ba8d1e9f.json
b0b387d543,94.5,0.895,pdb/b0b387d543.pdb,json/b0b387d543.json
f1049db3a7,93.5,0.902,pdb/f1049db3a7.pdb,json/f1049db3a7.json
b29e217ad6,98.1,0.952,pdb/b29e217ad6.pdb,json/b29e217ad6.json
7faeae2415,95.8,0.943,pdb/7faeae2415.pdb,json/7faeae2415.json
ec1d3f292e,96.0,0.944,pdb/ec1d3f292e.pdb,json/ec1d3f292e.json
396dc88a09,94.0,0.937,pdb/396dc88a09.pdb,json/396dc88a09.json
41a062475d,85.4,0.711,pdb/41a062475d.pdb,json/41a062475d.json
2053201f00,,,,
e5832d643b,93.6,0.919,pdb/e5832d643b.pdb,json/e5832d643b.json
1904046ba6,95.8,0.945,pdb/1904046ba6.pdb,json/1904046ba6.json
4f638232f3,95.2,0.936,pdb/4f638232f3.pdb,json/4f638232f3.json
4fd7439f5f,94.6,0.927,pdb/4fd7439f5f.pdb,json/4fd7439f5f.json
0aeea1a011,92.9,0.875,pdb/0aeea1a011.pdb,json/0aeea1a011.json
2185f8f693,93.6,0.806,pdb/2185f8f693.pdb,json/2185f8f693.json
4516f043d1,,,,
20589c8d42,92.1,0.862,pdb/20589c8d42.pdb,json/20589c8d42.json
0db9d36129,,,,
b87d0b6522,97.9,0.942,pdb/b87d0b6522.pdb,json/b87d0b6522.json
e50684fc1d,,,,
6fefd4bb3c,92.2,0.897,pdb/6fefd4bb3c.pdb,json/6fefd4bb3c.json
934638e5fe,97.8,0.952,pdb/934638e5fe.pdb,json/934638e5fe.json
041a2e38cb,92.9,0.875,pdb/041a2e38cb.pdb,json/041a2e38cb.json
b28b2e6db4,63.2,0.59,pdb/b28b2e6db4.pdb,json/b28b2e6db4.json
6705dda016,97.9,0.949,pdb/6705dda016.pdb,json/6705dda016.json
1b8eb2e248,63.5,0.611,pdb/1b8eb2e248.pdb,json/1b8eb2e248.json
d8ce771d48,89.6,0.876,pdb/d8ce771d48.pdb,json/d8ce771d48.json
9ab96a1db7,95.2,0.936,pdb/9ab96a1db7.pdb,json/9ab96a1db7.json
0cde697c94,95.9,0.923,pdb/0cde697c94.pdb,json/0cde697c94.json
c453ca7868,92.5,0.9,pdb/c453ca7868.pdb,json/c453ca7868.json
d319822194,95.7,0.943,pdb/d319822194.pdb,json/d319822194.json
ac7badb951,,,,
84b41eb7f6,97.4,0.952,pdb/84b41eb7f6.pdb,json/84b41eb7f6.json
4087d63afa,94.0,0.938,pdb/4087d63afa.pdb,json/4087d63afa.json
a1174ea7c2,87.6,0.699,pdb/a1174ea7c2.pdb,json/a1174ea7c2.json
f04910d933,94.8,0.925,pdb/f04910d933.pdb,json/f04910d933.json
48e707ea5e,95.8,0.845,pdb/48e707ea5e.pdb,json/48e707ea5e.json
76fa3461f2,89.0,0.683,pdb/76fa3461f2.pdb,json/76fa3461f2.json
9eb4bdb928,93.9,0.933,pdb/9eb4bdb928.pdb,json/9eb4bdb928.json
02d2e914c4,,,,
194e407637,90.1,0.735,pdb/194e407637.pdb,json/194e407637.json
44fc30b9f9,97.8,0.947,pdb/44fc30b9f9.pdb,json/44fc30b9f9.json
25d75a4b52,92.4,0.903,pdb/25d75a4b52.pdb,json/25d75a4b52.json
3742dd1eb0,93.7,0.937,pdb/3742dd1eb0.pdb,json/3742dd1eb0.json
32b02afed8,91.6,0.917,pdb/32b02afed8.pdb,json/32b02afed8.json
b69ae63e1e,85.8,0.808,pdb/b69ae63e1e.pdb,json/b69ae63e1e.json
1b40b6357c,92.7,0.921,pdb/1b40b6357c.pdb,json/1b40b6357c.json
c73f94f4b1,90.2,0.707,pdb/c73f94f4b1.pdb,json/c73f94f4b1.json
4417eaa49c,92.1,0.89,pdb/4417eaa49c.pdb,json/4417eaa49c.json
a4fa7d67dd,,,,
31fd8a5b09,,,,
3bead75b8a,89.6,0.829,pdb/3bead75b8a.pdb,json/3bead75b8a.json
114e6d2abe,,,,
f9e5478243,96.2,0.944,pdb/f9e5478243.pdb,json/f9e5478243.json
c1032cc919,87.5,0.735,pdb/c1032cc919.pdb,json/c1032cc919.json
c194aa00b4,92.2,0.895,pdb/c194aa00b4.pdb,json/c194aa00b4.json
716fdeb7f8,94.3,0.925,pdb/716fdeb7f8.pdb,json/716fdeb7f8.json
5dba745a6d,95.4,0.928,pdb/5dba745a6d.pdb,json/5dba745a6d.json
f7e4f2767d,89.2,0.814,pdb/f7e4f2767d.pdb,json/f7e4f2767d.json
380f544a6b,92.8,0.886,pdb/380f544a6b.pdb,json/380f544a6b.json
7ec6af2f7a,93.9,0.933,pdb/7ec6af2f7a.pdb,json/7ec6af2f7a.json
6006d02fd0,90.4,0.886,pdb/6006d02fd0.pdb,json/6006d02fd0.json
9c9031d1bb,73.1,0.497,pdb/9c9031d1bb.pdb,json/9c9031d1bb.json
226884aeb2,93.0,0.925,pdb/226884aeb2.pdb,json/226884aeb2.json
05152f058c,89.7,0.883,pdb/05152f058c.pdb,json/05152f058c.json
3827a0088c,95.7,0.934,pdb/3827a0088c.pdb,json/3827a0088c.json
bf88bb5aea,87.4,0.713,pdb/bf88bb5aea.pdb,json/bf88bb5aea.json
670cf1b24c,,,,
621a469c77,89.1,0.851,pdb/621a469c77.pdb,json/621a469c77.json
1315f7c6ce,96.1,0.937,pdb/1315f7c6ce.pdb,json/1315f7c6ce.json
be7bf57e6a,,,,
0cc454d28d,95.0,0.948,pdb/0cc454d28d.pdb,json/0cc454d28d.json
f6a0e986e5,94.1,0.911,pdb/f6a0e986e5.pdb,json/f6a0e986e5.json
1ba736e76f,96.2,0.944,pdb/1ba736e76f.pdb,json/1ba736e76f.json
7d062905dd,94.8,0.906,pdb/7d062905dd.pdb,json/7d062905dd.json
0f7adbb096,,,,
74a1e4c30c,95.6,0.934,pdb/74a1e4c30c.pdb,json/74a1e4c30c.json
75a22667d2,,,,
afb51f2a48,94.8,0.928,pdb/afb51f2a48.pdb,json/afb51f2a48.json
673931e654,97.7,0.95,pdb/673931e654.pdb,json/673931e654.json
1937e85c8a,89.6,0.86,pdb/1937e85c8a.pdb,json/1937e85c8a.json
1397aae055,96.0,0.944,pdb/1397aae055.pdb,json/1397aae055.json
b4bff29f23,88.4,0.833,pdb/b4bff29f23.pdb,json/b4bff29f23.json
a4286353b3,98.1,0.949,pdb/a4286353b3.pdb,json/a4286353b3.json
07445ab657,93.4,0.916,pdb/07445ab657.pdb,json/07445ab657.json
4c5acb17aa,93.4,0.937,pdb/4c5acb17aa.pdb,json/4c5acb17aa.json
987c086359,81.6,0.836,pdb/987c086359.pdb,json/987c086359.json
2afecc251a,76.3,0.806,pdb/2afecc251a.pdb,json/2afecc251a.json
1e8ffc5797,93.3,0.922,pdb/1e8ffc5797.pdb,json/1e8ffc5797.json
f85305f363,,,,
33ae892bfe,95.9,0.947,pdb/33ae892bfe.pdb,json/33ae892bfe.json
e9ff92b031,90.1,0.699,pdb/e9ff92b031.pdb,json/e9ff92b031.json
ec7ed6170e,97.4,0.952,pdb/ec7ed6170e.pdb,json/ec7ed6170e.json
6409ea9daa,31.0,0.184,pdb/6409ea9daa.pdb,json/6409ea9daa.json
cf5ff96a55,96.2,0.93,pdb/cf5ff96a55.pdb,json/cf5ff96a55.json
9b35a39450,96.2,0.946,pdb/9b35a39450.pdb,json/9b35a39450.json
4f0c72face,97.6,0.864,pdb/4f0c72face.pdb,json/4f0c72face.json
9713cad8f0,89.7,0.678,pdb/9713cad8f0.pdb,json/9713cad8f0.json
a9c9a2801d,,,,
2595488616,,,,
f01d2f7641,,,,
43eda4fa96,93.8,0.914,pdb/43eda4fa96.pdb,json/43eda4fa96.json
3251320be6,94.8,0.917,pdb/3251320be6.pdb,json/3251320be6.json
2fbb6704a4,93.5,0.898,pdb/2fbb6704a4.pdb,json/2fbb6704a4.json
830f72f764,97.8,0.942,pdb/830f72f764.pdb,json/830f72f764.json
946b19977b,94.4,0.923,pdb/946b19977b.pdb,json/946b19977b.json
019a1f24b3,96.2,0.956,pdb/019a1f24b3.pdb,json/019a1f24b3.json
20a763ee4a,89.7,0.883,pdb/20a763ee4a.pdb,json/20a763ee4a.json
a673665cbd,89.9,0.653,pdb/a673665cbd.pdb,json/a673665cbd.json
b0719a4e81,86.1,0.806,pdb/b0719a4e81.pdb,json/b0719a4e81.json
ce80606054,97.6,0.948,pdb/ce80606054.pdb,json/ce80606054.json
90f6399633,,,,
60fd82c1bd,,,,
c2af84ff2d,97.1,0.951,pdb/c2af84ff2d.pdb,json/c2af84ff2d.json
045e33ed3d,95.8,0.943,pdb/045e33ed3d.pdb,json/045e33ed3d.json
5deb2c8289,94.2,0.928,pdb/5deb2c8289.pdb,json/5deb2c8289.json
71cd2f0e52,95.0,0.948,pdb/71cd2f0e52.pdb,json/71cd2f0e52.json
8744626bb7,94.1,0.94,pdb/8744626bb7.pdb,json/8744626bb7.json
95ca46e589,98.1,0.949,pdb/95ca46e589.pdb,json/95ca46e589.json
b73db43ed5,88.6,0.888,pdb/b73db43ed5.pdb,json/b73db43ed5.json
85a978fa82,90.8,0.895,pdb/85a978fa82.pdb,json/85a978fa82.json
37217aed9d,,,,
9e179e83c2,90.2,0.699,pdb/9e179e83c2.pdb,json/9e179e83c2.json
3ff03b7cbd,62.8,0.607,pdb/3ff03b7cbd.pdb,json/3ff03b7cbd.json
2135f734a9,89.7,0.678,pdb/2135f734a9.pdb,json/2135f734a9.json
d7bed73e54,93.7,0.933,pdb/d7bed73e54.pdb,json/d7bed73e54.json
c678cbb8c4,93.9,0.911,pdb/c678cbb8c4.pdb,json/c678cbb8c4.json
4103d19a32,96.9,0.937,pdb/4103d19a32.pdb,json/4103d19a32.json
4333a4e738,73.1,0.496,pdb/4333a4e738.pdb,json/4333a4e738.json
f965db625f,95.9,0.947,pdb/f965db625f.pdb,json/f965db625f.json
0fd8d11675,97.4,0.941,pdb/0fd8d11675.pdb,json/0fd8d11675.json
0e6edde100,96.9,0.94,pdb/0e6edde100.pdb,json/0e6edde100.json
bd3687d1b7,87.1,0.726,pdb/bd3687d1b7.pdb,json/bd3687d1b7.json
1a69e84242,98.1,0.948,pdb/1a69e84242.pdb,json/1a69e84242.json
bd6a39efe5,,,,
aaba9bb32d,92.4,0.864,pdb/aaba9bb32d.pdb,json/aaba9bb32d.json
b8d59bbd78,87.7,0.602,pdb/b8d59bbd78.pdb,json/b8d59bbd78.json
21d4a7ed44,97.6,0.864,pdb/21d4a7ed44.pdb,json/21d4a7ed44.json
3924de6053,93.2,0.894,pdb/3924de6053.pdb,json/3924de6053.json
a9aff05e0e,94.1,0.941,pdb/a9aff05e0e.pdb,json/a9aff05e0e.json
6b5630735c,92.1,0.872,pdb/6b5630735c.pdb,json/6b5630735c.json
e11db9f026,94.6,0.917,pdb/e11db9f026.pdb,json/e11db9f026.json
1b6c11725e,90.3,0.872,pdb/1b6c11725e.pdb,json/1b6c11725e.json
db53972fd0,79.9,0.827,pdb/db53972fd0.pdb,json/db53972fd0.json
66be5d4ef2,,,,
d13d6fc368,94.5,0.943,pdb/d13d6fc368.pdb,json/d13d6fc368.json
04f589fcf0,93.4,0.916,pdb/04f589fcf0.pdb,json/04f589fcf0.json
743e276422,96.0,0.932,pdb/743e276422.pdb,json/743e276422.json
e4f6862078,84.2,0.433,pdb/e4f6862078.pdb,json/e4f6862078.json
eca4b37668,96.4,0.949,pdb/eca4b37668.pdb,json/eca4b37668.json
7b7c7a345b,,,,
fc9cc0d454,92.9,0.92,pdb/fc9cc0d454.pdb,json/fc9cc0d454.json
b043366cb3,,,,
59b2a8967d,94.5,0.913,pdb/59b2a8967d.pdb,json/59b2a8967d.json
4439edeb06,95.5,0.935,pdb/4439edeb06.pdb,json/4439edeb06.json
312d4bf92e,89.0,0.896,pdb/312d4bf92e.pdb,json/312d4bf92e.json
83bfd8fbce,84.1,0.83,pdb/83bfd8fbce.pdb,json/83bfd8fbce.json
cf979ca9fc,90.8,0.732,pdb/cf979ca9fc.pdb,json/cf979ca9fc.json
3c64725308,96.0,0.947,pdb/3c64725308.pdb,json/3c64725308.json
9bb9bd9196,90.6,0.842,pdb/9bb9bd9196.pdb,json/9bb9bd9196.json
a08ba14b47,93.3,0.927,pdb/a08ba14b47.pdb,json/a08ba14b47.json
4b883a91a7,93.9,0.937,pdb/4b883a91a7.pdb,json/4b883a91a7.json
66b572efa8,90.8,0.902,pdb/66b572efa8.pdb,json/66b572efa8.json
1f00412a9c,96.7,0.953,pdb/1f00412a9c.pdb,json/1f00412a9c.json
f9c1c5b7a8,94.8,0.935,pdb/f9c1c5b7a8.pdb,json/f9c1c5b7a8.json
d6d22e6e3e,91.8,0.829,pdb/d6d22e6e3e.pdb,json/d6d22e6e3e.json
03bc1f20c1,62.3,0.583,pdb/03bc1f20c1.pdb,json/03bc1f20c1.json
02a32a7a7e,95.2,0.932,pdb/02a32a7a7e.pdb,json/02a32a7a7e.json
5a507615db,89.8,0.689,pdb/5a507615db.pdb,json/5a507615db.json
397ffa6cf3,95.8,0.952,pdb/397ffa6cf3.pdb,json/397ffa6cf3.json
f8749a0c3a,94.5,0.919,pdb/f8749a0c3a.pdb,json/f8749a0c3a.json
365f0a3914,65.0,0.641,pdb/365f0a3914.pdb,json/365f0a3914.json
85147ebf3e,90.8,0.851,pdb/85147ebf3e.pdb,json/85147ebf3e.json
1a391c39bf,89.8,0.889,pdb/1a391c39bf.pdb,json/1a391c39bf.json
2e5aca366e,97.1,0.953,pdb/2e5aca366e.pdb,json/2e5aca366e.json
03f3222488,94.1,0.923,pdb/03f3222488.pdb,json/03f3222488.json
5a22d82386,,,,
90c1082c93,97.2,0.956,pdb/90c1082c93.pdb,json/90c1082c93.json
6dd54ccf64,,,,
afa63948eb,96.5,0.949,pdb/afa63948eb.pdb,json/afa63948eb.json
175b48eed3,70.8,0.724,pdb/175b48eed3.pdb,json/175b48eed3.json
d4f628ab84,94.6,0.936,pdb/d4f628ab84.pdb,json/d4f628ab84.json
9826452e3e,95.2,0.93,pdb/9826452e3e.pdb,json/9826452e3e.json
abe7d1af97,93.6,0.905,pdb/abe7d1af97.pdb,json/abe7d1af97.json
313f9d5d34,97.6,0.958,pdb/313f9d5d34.pdb,json/313f9d5d34.json
4b79c7f64a,93.6,0.903,pdb/4b79c7f64a.pdb,json/4b79c7f64a.json
2191160d94,85.8,0.75,pdb/2191160d94.pdb,json/2191160d94.json
2e229685db,,,,
cab3e6cde8,82.1,0.792,pdb/cab3e6cde8.pdb,json/cab3e6cde8.json
5ce14b1e72,61.8,0.592,pdb/5ce14b1e72.pdb,json/5ce14b1e72.json
768280e845,97.1,0.953,pdb/768280e845.pdb,json/768280e845.json
ecd4ae6913,93.5,0.93,pdb/ecd4ae6913.pdb,json/ecd4ae6913.json
2ddd0f4740,94.4,0.916,pdb/2ddd0f4740.pdb,json/2ddd0f4740.json
2914df2cc0,95.8,0.946,pdb/2914df2cc0.pdb,json/2914df2cc0.json
39e573ece1,90.1,0.735,pdb/39e573ece1.pdb,json/39e573ece1.json
7323254d54,95.9,0.939,pdb/7323254d54.pdb,json/7323254d54.json
feefae00c1,85.8,0.75,pdb/feefae00c1.pdb,json/feefae00c1.json
f2331149c8,94.6,0.921,pdb/f2331149c8.pdb,json/f2331149c8.json
076eb0f3c5,93.6,0.94,pdb/076eb0f3c5.pdb,json/076eb0f3c5.json
43b5ee59ed,93.7,0.922,pdb/43b5ee59ed.pdb,json/43b5ee59ed.json
7b67bc1ee2,95.8,0.93,pdb/7b67bc1ee2.pdb,json/7b67bc1ee2.json
9586bd0266,91.4,0.834,pdb/9586bd0266.pdb,json/9586bd0266.json
29a87feb83,64.9,0.346,pdb/29a87feb83.pdb,json/29a87feb83.json
7eb138332a,89.9,0.823,pdb/7eb138332a.pdb,json/7eb138332a.json
6f4d48f1b7,62.7,0.577,pdb/6f4d48f1b7.pdb,json/6f4d48f1b7.json
5f841b75d1,93.8,0.937,pdb/5f841b75d1.pdb,json/5f841b75d1.json
54b0f51654,94.2,0.924,pdb/54b0f51654.pdb,json/54b0f51654.json
197c71b792,,,,
f5350aa750,95.8,0.945,pdb/f5350aa750.pdb,json/f5350aa750.json
885bfef023,89.7,0.883,pdb/885bfef023.pdb,json/885bfef023.json
ee5fdfb04b,89.4,0.822,pdb/ee5fdfb04b.pdb,json/ee5fdfb04b.json
b6834a0018,94.1,0.913,pdb/b6834a0018.pdb,json/b6834a0018.json
bc6dc96ad3,93.2,0.929,pdb/bc6dc96ad3.pdb,json/bc6dc96ad3.json
db3ac7abc3,96.0,0.948,pdb/db3ac7abc3.pdb,json/db3ac7abc3.json
cbad6e4ab8,93.7,0.938,pdb/cbad6e4ab8.pdb,json/cbad6e4ab8.json
f68456eb37,91.6,0.919,pdb/f68456eb37.pdb,json/f68456eb37.json
cfbb7be938,83.6,0.733,pdb/cfbb7be938.pdb,json/cfbb7be938.json
16203af96a,90.2,0.707,pdb/16203af96a.pdb,json/16203af96a.json
29078506c4,91.6,0.858,pdb/29078506c4.pdb,json/29078506c4.json
e7b235f99d,93.7,0.911,pdb/e7b235f99d.pdb,json/e7b235f99d.json
e78774c217,89.7,0.678,pdb/e78774c217.pdb,json/e78774c217.json
6f8dc0fb5f,96.9,0.937,pdb/6f8dc0fb5f.pdb,json/6f8dc0fb5f.json
0fee6fb3a9,84.1,0.845,pdb/0fee6fb3a9.pdb,json/0fee6fb3a9.json
e1964e5a5d,97.6,0.958,pdb/e1964e5a5d.pdb,json/e1964e5a5d.json
2b25837d2b,97.8,0.951,pdb/2b25837d2b.pdb,json/2b25837d2b.json
1a862cfc7f,,,,
106d9e4d81,89.2,0.851,pdb/106d9e4d81.pdb,json/106d9e4d81.json
5a573454bf,93.7,0.935,pdb/5a573454bf.pdb,json/5a573454bf.json
50df1033a9,87.2,0.874,pdb/50df1033a9.pdb,json/50df1033a9.json
27e0806fd7,98.1,0.948,pdb/27e0806fd7.pdb,json/27e0806fd7.json
80eb8252ff,92.8,0.88,pdb/80eb8252ff.pdb,json/80eb8252ff.json
59bb4d8994,94.8,0.928,pdb/59bb4d8994.pdb,json/59bb4d8994.json
d10fa554cb,92.0,0.855,pdb/d10fa554cb.pdb,json/d10fa554cb.json
5138b3eeb4,,,,
7921a6d32b,,,,
3ea468f2c4,93.6,0.936,pdb/3ea468f2c4.pdb,json/3ea468f2c4.json
69ea5ce8b8,91.2,0.896,pdb/69ea5ce8b8.pdb,json/69ea5ce8b8.json
043911f595,61.0,0.574,pdb/043911f595.pdb,json/043911f595.json
f794bee2ae,91.5,0.904,pdb/f794bee2ae.pdb,json/f794bee2ae.json
dbd1ad958f,91.9,0.867,pdb/dbd1ad958f.pdb,json/dbd1ad958f.json
00fa42abc0,93.6,0.905,pdb/00fa42abc0.pdb,json/00fa42abc0.json
5f93990251,92.4,0.726,pdb/5f93990251.pdb,json/5f93990251.json
f3fae504a7,92.7,0.751,pdb/f3fae504a7.pdb,json/f3fae504a7.json
d634126fed,42.0,0.218,pdb/d634126fed.pdb,json/d634126fed.json
1117087cd5,95.9,0.947,pdb/1117087cd5.pdb,json/1117087cd5.json
e7e0d72213,87.4,0.875,pdb/e7e0d72213.pdb,json/e7e0d72213.json
605e1ef849,98.1,0.948,pdb/605e1ef849.pdb,json/605e1ef849.json
20b21abf92,91.0,0.918,pdb/20b21abf92.pdb,json/20b21abf92.json
a3e7c71833,95.4,0.944,pdb/a3e7c71833.pdb,json/a3e7c71833.json
ce5541e270,89.4,0.855,pdb/ce5541e270.pdb,json/ce5541e270.json
5fd91ef205,92.4,0.878,pdb/5fd91ef205.pdb,json/5fd91ef205.json
18c12379db,95.1,0.93,pdb/18c12379db.pdb,json/18c12379db.json
9c0d50c1b5,91.9,0.855,pdb/9c0d50c1b5.pdb,json/9c0d50c1b5.json
f41c6d89a0,93.4,0.919,pdb/f41c6d89a0.pdb,json/f41c6d89a0.json
dbd3a29cf0,89.5,0.855,pdb/dbd3a29cf0.pdb,json/dbd3a29cf0.json
dbc5c61d5f,96.2,0.956,pdb/dbc5c61d5f.pdb,json/dbc5c61d5f.json
06e4c567c7,89.8,0.733,pdb/06e4c567c7.pdb,json/06e4c567c7.json
d9252f7108,92.9,0.9,pdb/d9252f7108.pdb,json/d9252f7108.json
22568aef8e,93.9,0.923,pdb/22568aef8e.pdb,json/22568aef8e.json
7311a231b6,84.1,0.83,pdb/7311a231b6.pdb,json/7311a231b6.json
5ba8e169db,92.4,0.917,pdb/5ba8e169db.pdb,json/5ba8e169db.json
c700da065c,89.9,0.868,pdb/c700da065c.pdb,json/c700da065c.json
a31a183afc,94.4,0.91,pdb/a31a183afc.pdb,json/a31a183afc.json
27a0a068c4,95.9,0.953,pdb/27a0a068c4.pdb,json/27a0a068c4.json
ddbc776821,92.1,0.58,pdb/ddbc776821.pdb,json/ddbc776821.json
1981137cc5,93.8,0.921,pdb/1981137cc5.pdb,json/1981137cc5.json
88cb4bb019,89.6,0.86,pdb/88cb4bb019.pdb,json/88cb4bb019.json
abc5b97266,89.9,0.733,pdb/abc5b97266.pdb,json/abc5b97266.json
ff607b63f9,89.8,0.889,pdb/ff607b63f9.pdb,json/ff607b63f9.json
dca7ca20aa,93.5,0.908,pdb/dca7ca20aa.pdb,json/dca7ca20aa.json
30759ef390,89.7,0.678,pdb/30759ef390.pdb,json/30759ef390.json
6d6b735199,76.4,0.806,pdb/6d6b735199.pdb,json/6d6b735199.json
01945368cf,95.4,0.93,pdb/01945368cf.pdb,json/01945368cf.json
fca7f26a2a,,,,
011041e0aa,93.5,0.906,pdb/011041e0aa.pdb,json/011041e0aa.json
5af3f587fe,97.5,0.958,pdb/5af3f587fe.pdb,json/5af3f587fe.json
c6ba13876b,93.8,0.921,pdb/c6ba13876b.pdb,json/c6ba13876b.json
c8f3b72614,,,,
28ff6557a5,,,,
e6c359f5af,,,,
a50b31832e,90.2,0.871,pdb/a50b31832e.pdb,json/a50b31832e.json
f51212f658,90.8,0.91,pdb/f51212f658.pdb,json/f51212f658.json
454f96425d,88.1,0.866,pdb/454f96425d.pdb,json/454f96425d.json
718c252d37,95.9,0.932,pdb/718c252d37.pdb,json/718c252d37.json
5b6532f66c,89.9,0.868,pdb/5b6532f66c.pdb,json/5b6532f66c.json
1cd19076ea,88.1,0.842,pdb/1cd19076ea.pdb,json/1cd19076ea.json
cafe390833,92.2,0.895,pdb/cafe390833.pdb,json/cafe390833.json
859f56e98f,63.5,0.598,pdb/859f56e98f.pdb,json/859f56e98f.json
f10eaf7b32,87.9,0.82,pdb/f10eaf7b32.pdb,json/f10eaf7b32.json
06193ea167,94.6,0.919,pdb/06193ea167.pdb,json/06193ea167.json
4505ac66d6,,,,
8c8dedb187,90.6,0.842,pdb/8c8dedb187.pdb,json/8c8dedb187.json
602c0a148d,97.2,0.955,pdb/602c0a148d.pdb,json/602c0a148d.json
29a113e22a,87.9,0.838,pdb/29a113e22a.pdb,json/29a113e22a.json
fcdff1606d,93.7,0.922,pdb/fcdff1606d.pdb,json/fcdff1606d.json
93be91f9a1,96.2,0.944,pdb/93be91f9a1.pdb,json/93be91f9a1.json
fc37015d19,90.9,0.918,pdb/fc37015d19.pdb,json/fc37015d19.json
15b4320c3b,98.1,0.948,pdb/15b4320c3b.pdb,json/15b4320c3b.json
db4eb1df1a,,,,
def48eb109,96.2,0.947,pdb/def48eb109.pdb,json/def48eb109.json
600017a27e,92.9,0.869,pdb/600017a27e.pdb,json/600017a27e.json
de18a59af7,86.2,0.634,pdb/de18a59af7.pdb,json/de18a59af7.json
c2e8b22549,93.9,0.92,pdb/c2e8b22549.pdb,json/c2e8b22549.json
e542ce1613,,,,
e319a9239e,92.9,0.906,pdb/e319a9239e.pdb,json/e319a9239e.json
211e928371,94.8,0.943,pdb/211e928371.pdb,json/211e928371.json
a96f563989,,,,
94cb24464d,,,,
a3897d7589,86.4,0.647,pdb/a3897d7589.pdb,json/a3897d7589.json
a8ba27c2ae,94.4,0.94,pdb/a8ba27c2ae.pdb,json/a8ba27c2ae.json
3ec22ba0a0,93.4,0.901,pdb/3ec22ba0a0.pdb,json/3ec22ba0a0.json
234cfb3d12,93.5,0.924,pdb/234cfb3d12.pdb,json/234cfb3d12.json
a5b0538137,97.3,0.949,pdb/a5b0538137.pdb,json/a5b0538137.json
2fa05e5e0f,97.1,0.951,pdb/2fa05e5e0f.pdb,json/2fa05e5e0f.json
c90a0c9138,87.4,0.713,pdb/c90a0c9138.pdb,json/c90a0c9138.json
0bd0510ab4,93.9,0.937,pdb/0bd0510ab4.pdb,json/0bd0510ab4.json
e7407e0752,,,,
df0e288173,92.7,0.899,pdb/df0e288173.pdb,json/df0e288173.json
8cc2f2239f,,,,
704ea0e7f5,,,,
6843931175,92.9,0.924,pdb/6843931175.pdb,json/6843931175.json
1ffba1b4fd,93.7,0.907,pdb/1ffba1b4fd.pdb,json/1ffba1b4fd.json
8be92366f4,95.8,0.845,pdb/8be92366f4.pdb,json/8be92366f4.json
f6e2283285,98.1,0.948,pdb/f6e2283285.pdb,json/f6e2283285.json
a74243e772,91.6,0.883,pdb/a74243e772.pdb,json/a74243e772.json
ae23d6dacc,90.5,0.895,pdb/ae23d6dacc.pdb,json/ae23d6dacc.json
5705fcd127,,,,
521175a7f9,89.9,0.678,pdb/521175a7f9.pdb,json/521175a7f9.json
be56c3a419,91.9,0.916,pdb/be56c3a419.pdb,json/be56c3a419.json
c2f9296b46,93.5,0.911,pdb/c2f9296b46.pdb,json/c2f9296b46.json
c357c6404c,91.8,0.894,pdb/c357c6404c.pdb,json/c357c6404c.json
58320186d8,79.1,0.784,pdb/58320186d8.pdb,json/58320186d8.json
32ef12830e,94.3,0.917,pdb/32ef12830e.pdb,json/32ef12830e.json
866554aa77,97.7,0.95,pdb/866554aa77.pdb,json/866554aa77.json
0f91408247,94.3,0.895,pdb/0f91408247.pdb,json/0f91408247.json
9b664f53b3,93.7,0.913,pdb/9b664f53b3.pdb,json/9b664f53b3.json
bbcdf9d411,94.5,0.912,pdb/bbcdf9d411.pdb,json/bbcdf9d411.json
e806345e17,87.2,0.723,pdb/e806345e17.pdb,json/e806345e17.json
9e58109437,96.7,0.945,pdb/9e58109437.pdb,json/9e58109437.json
0a5014546e,97.0,0.943,pdb/0a5014546e.pdb,json/0a5014546e.json
112e02b7ef,93.7,0.903,pdb/112e02b7ef.pdb,json/112e02b7ef.json
2c63395a74,95.5,0.918,pdb/2c63395a74.pdb,json/2c63395a74.json
9fa94e84ec,95.1,0.926,pdb/9fa94e84ec.pdb,json/9fa94e84ec.json
d165428649,92.9,0.875,pdb/d165428649.pdb,json/d165428649.json
e68d032e02,90.2,0.699,pdb/e68d032e02.pdb,json/e68d032e02.json
5189ee6279,95.3,0.93,pdb/5189ee6279.pdb,json/5189ee6279.json
2e4f71163b,,,,
a8d0066f53,94.5,0.933,pdb/a8d0066f53.pdb,json/a8d0066f53.json
545a61cacd,,,,
bf48b0b669,92.7,0.921,pdb/bf48b0b669.pdb,json/bf48b0b669.json
6567ff6179,93.7,0.903,pdb/6567ff6179.pdb,json/6567ff6179.json
2d36827280,97.5,0.958,pdb/2d36827280.pdb,json/2d36827280.json
bc3fe2d703,91.6,0.883,pdb/bc3fe2d703.pdb,json/bc3fe2d703.json
a2d7762417,94.8,0.923,pdb/a2d7762417.pdb,json/a2d7762417.json
4363ef0515,94.6,0.91,pdb/4363ef0515.pdb,json/4363ef0515.json
6fef44ada6,91.1,0.846,pdb/6fef44ada6.pdb,json/6fef44ada6.json
8e302fe439,93.4,0.916,pdb/8e302fe439.pdb,json/8e302fe439.json
24cea6077e,94.3,0.921,pdb/24cea6077e.pdb,json/24cea6077e.json
9487e71955,91.1,0.846,pdb/9487e71955.pdb,json/9487e71955.json
d067f42a88,91.7,0.868,pdb/d067f42a88.pdb,json/d067f42a88.json
0b19f38f0c,90.2,0.699,pdb/0b19f38f0c.pdb,json/0b19f38f0c.json
309956d0f6,,,,
19ee1752f0,93.4,0.924,pdb/19ee1752f0.pdb,json/19ee1752f0.json
667c9af2a6,95.9,0.926,pdb/667c9af2a6.pdb,json/667c9af2a6.json
893cff9bb7,,,,
86e9861f60,77.9,0.593,pdb/86e9861f60.pdb,json/86e9861f60.json
b51e58879c,94.8,0.919,pdb/b51e58879c.pdb,json/b51e58879c.json
36e776080b,,,,
38e8adc379,90.1,0.84,pdb/38e8adc379.pdb,json/38e8adc379.json
94e029b470,93.9,0.936,pdb/94e029b470.pdb,json/94e029b470.json
1aabf8e5dd,91.2,0.896,pdb/1aabf8e5dd.pdb,json/1aabf8e5dd.json
abb10a2e62,92.4,0.903,pdb/abb10a2e62.pdb,json/abb10a2e62.json
fdd250aaf8,94.6,0.918,pdb/fdd250aaf8.pdb,json/fdd250aaf8.json
cc5e2fd761,,,,
c20956ef50,93.6,0.909,pdb/c20956ef50.pdb,json/c20956ef50.json
51357b4c72,84.1,0.845,pdb/51357b4c72.pdb,json/51357b4c72.json
efbb5e2435,91.8,0.906,pdb/efbb5e2435.pdb,json/efbb5e2435.json
321e4ca69b,94.2,0.914,pdb/321e4ca69b.pdb,json/321e4ca69b.json
cb4a43fed5,89.6,0.651,pdb/cb4a43fed5.pdb,json/cb4a43fed5.json
4c0c9b7e38,97.9,0.947,pdb/4c0c9b7e38.pdb,json/4c0c9b7e38.json
eb9074ee39,97.4,0.952,pdb/eb9074ee39.pdb,json/eb9074ee39.json
b964cfaf0f,95.1,0.942,pdb/b964cfaf0f.pdb,json/b964cfaf0f.json
8cc923f3d0,90.0,0.872,pdb/8cc923f3d0.pdb,json/8cc923f3d0.json
215cb282e3,,,,
